mutant,0
>BLAT_ECOLX/24-286,     0.0
K30A,    2.55
K30C,    -5.2
K30E,  -0.517
K30D,   -2.52
K30G,   -2.31
K30F,    -4.6
K30I,   -2.18
K30H,  -0.383
K30M,   -4.37
K30L,    -2.4
K30N,   -2.12
K30Q,   0.131
K30P,   -1.74
K30S,   0.116
K30R,   0.741
K30T,    1.42
K30W,   -6.64
K30V,   -2.33
K30Y,   -5.14
V31A,   -2.44
V31C,   -8.66
V31E,   -9.48
V31D,   -14.1
V31G,   -9.44
V31F,   -6.14
V31I,   -2.18
V31H,   -12.4
V31K,   -12.9
V31M,   -4.82
V31L,   -3.43
V31N,   -13.8
V31Q,   -12.5
V31P,   -11.5
V31S,   -7.67
V31R,   -11.0
V31T,   -6.49
V31W,   -12.3
V31Y,   -9.54
K32A,   -3.81
K32C,   -6.86
K32E,    -2.5
K32D,   -5.12
K32G,   -1.75
K32F,   -6.24
K32I,    -3.7
K32H,   -2.34
K32M,   -5.43
K32L,   -3.75
K32N,   -1.47
K32Q,   0.256
K32P,    -7.5
K32S,   -3.04
K32R,   0.234
K32T,   -4.22
K32W,   -15.4
K32V,   -4.34
K32Y,   -7.22
D33A,   0.603
D33C,   -2.06
D33E,   0.818
D33G,   -2.29
D33F,   -2.68
D33I,   -1.64
D33H,  0.0444
D33K,   0.834
D33M,   -1.75
D33L,   -1.74
D33N,   0.725
D33Q,    1.61
D33P,   -5.79
D33S,   0.286
D33R,-0.00424
D33T,  -0.481
D33W,   -5.04
D33V,   -2.09
D33Y,   -2.06
A34C,   -5.94
A34E,   -5.28
A34D,   -7.57
A34G,   -5.62
A34F,    -9.0
A34I,   -5.44
A34H,   -6.61
A34K,   -6.69
A34M,   -6.72
A34L,   -5.69
A34N,   -7.91
A34Q,   -6.23
A34P,   -6.25
A34S,   -3.98
A34R,   -3.55
A34T,   -3.63
A34W,   -6.15
A34V,   -3.21
A34Y,   -8.53
E35A,   -11.5
E35C,   -16.6
E35D,   -8.37
E35G,   -11.0
E35F,   -14.8
E35I,   -14.2
E35H,   -13.8
E35K,   -15.3
E35M,   -13.8
E35L,   -14.3
E35N,   -14.2
E35Q,   -8.57
E35P,   -17.4
E35S,   -11.4
E35R,   -14.0
E35T,   -11.5
E35W,   -15.7
E35V,   -13.5
E35Y,   -14.5
D36A,   -2.27
D36C,   -5.56
D36E,    -2.0
D36G,   -4.51
D36F,   -5.45
D36I,   -5.07
D36H,   -4.11
D36K,   -1.68
D36M,   -4.89
D36L,   -4.88
D36N,   -1.13
D36Q,   -1.39
D36P,   -5.46
D36S,   -1.78
D36R,    -2.1
D36T,   -2.32
D36W,   -8.23
D36V,   -3.71
D36Y,   -5.85
Q37A,    -5.1
Q37C,   -7.15
Q37E,   -3.57
Q37D,   -5.98
Q37G,   -4.99
Q37F,   -8.45
Q37I,   -5.49
Q37H,   -1.63
Q37K,    1.56
Q37M,   -5.53
Q37L,   -3.61
Q37N,   -2.12
Q37P,   -9.12
Q37S,   -4.01
Q37R,   0.757
Q37T,   -4.38
Q37W,   -10.0
Q37V,   -5.69
Q37Y,   -6.09
L38A,   -8.68
L38C,   -9.72
L38E,   -13.4
L38D,   -14.3
L38G,   -13.9
L38F,   -4.25
L38I,   -3.19
L38H,   -8.76
L38K,   -8.72
L38M,   -6.48
L38N,   -9.73
L38Q,   -9.55
L38P,   -14.1
L38S,   -8.92
L38R,   -9.95
L38T,    -9.2
L38W,   -16.2
L38V,   -5.06
L38Y,   -10.2
G39A,   -3.73
G39C,   -7.61
G39E,   -3.02
G39D,   -1.96
G39F,   -5.94
G39I,   -7.46
G39H,   -3.01
G39K,   -2.98
G39M,   -7.19
G39L,   -7.64
G39N,   -0.49
G39Q,   -2.67
G39P,   -5.86
G39S,   -1.95
G39R,   -5.34
G39T,   -2.95
G39W,   -15.6
G39V,   -6.05
G39Y,   -7.38
A40C,   -7.12
A40E,   -6.69
A40D,    -6.6
A40G,   -1.93
A40F,   -8.05
A40I,   -6.49
A40H,   -8.23
A40K,   -9.42
A40M,   -6.19
A40L,   -6.37
A40N,   -7.15
A40Q,   -9.28
A40P,   -6.18
A40S,   -3.92
A40R,   -8.39
A40T,   -2.37
A40W,   -5.57
A40V,   -3.36
A40Y,   -6.74
R41A,   -9.54
R41C,   -8.67
R41E,   -9.06
R41D,   -10.2
R41G,   -10.6
R41F,   -10.6
R41I,   -10.3
R41H,   -4.29
R41K,   -2.55
R41M,   -10.0
R41L,   -8.54
R41N,   -7.08
R41Q,   -5.46
R41P,   -13.9
R41S,   -8.32
R41T,   -8.36
R41W,   -11.8
R41V,   -9.42
R41Y,   -10.6
V42A,   -3.52
V42C,   -6.25
V42E,   -6.81
V42D,   -10.3
V42G,   -11.5
V42F,   -10.6
V42I,   -1.32
V42H,   -10.8
V42K,   -11.8
V42M,   -5.87
V42L,   -5.42
V42N,   -10.8
V42Q,   -10.8
V42P,   -11.0
V42S,   -5.79
V42R,   -13.5
V42T,   -4.52
V42W,   -18.0
V42Y,   -14.0
G43A,    -4.0
G43C,   -11.5
G43E,   -9.81
G43D,   -9.03
G43F,   -14.2
G43I,   -14.4
G43H,   -10.1
G43K,   -13.3
G43M,   -15.1
G43L,   -13.8
G43N,   -11.0
G43Q,   -11.6
G43P,   -10.4
G43S,   -6.27
G43R,   -9.47
G43T,   -8.92
G43W,   -17.6
G43V,   -10.8
G43Y,   -13.5
Y44A,   -6.35
Y44C,   -10.3
Y44E,   -9.49
Y44D,   -10.7
Y44G,   -12.6
Y44F,    -3.1
Y44I,   -8.41
Y44H,    -6.2
Y44K,   -10.0
Y44M,   -6.82
Y44L,    -6.9
Y44N,   -7.64
Y44Q,   -9.16
Y44P,    -5.0
Y44S,   -6.55
Y44R,   -8.82
Y44T,   -7.66
Y44W,  -0.732
Y44V,   -5.32
I45A,    2.32
I45C,   -1.05
I45E,   -2.22
I45D,   -3.14
I45G,   -1.12
I45F,   -1.38
I45H,  -0.907
I45K,   -2.77
I45M,   0.261
I45L,   -1.24
I45N,   -1.17
I45Q,    -2.5
I45P,   -4.72
I45S,     1.5
I45R,   -3.82
I45T,   0.368
I45W,   -3.48
I45V,    1.25
I45Y,  -0.286
E46A,   -5.52
E46C,   -9.56
E46D,    -6.1
E46G,   -8.28
E46F,   -7.43
E46I,   -7.24
E46H,   -7.37
E46K,   -10.8
E46M,   -7.42
E46L,   -9.93
E46N,   -8.36
E46Q,   -6.17
E46P,   -10.6
E46S,   -7.05
E46R,   -9.18
E46T,   -7.05
E46W,    -8.4
E46V,   -6.31
E46Y,   -8.23
L47A,   -1.48
L47C,   -2.92
L47E,   0.982
L47D,   -2.38
L47G,   -2.49
L47F,   -2.11
L47I,   -0.43
L47H,   -1.48
L47K,   -2.41
L47M,   -1.04
L47N,   -2.22
L47Q,  -0.841
L47P,   -4.33
L47S,  -0.585
L47R,   -3.72
L47T,  -0.401
L47W,   -5.01
L47V,   -1.42
L47Y,   -4.29
D48A,   -7.18
D48C,   -9.55
D48E,   -4.49
D48G,   -10.6
D48F,   -9.99
D48I,   -9.83
D48H,   -7.41
D48K,   -12.3
D48M,   -10.9
D48L,   -13.5
D48N,   -3.24
D48Q,   -9.66
D48P,   -11.5
D48S,   -5.86
D48R,   -14.0
D48T,   -8.64
D48W,   -15.5
D48V,   -8.68
D48Y,   -9.91
L49A,   -11.5
L49C,   -9.23
L49E,   -12.5
L49D,   -12.2
L49G,   -9.74
L49F,   -6.28
L49I,   -8.87
L49H,   -9.47
L49K,   -12.4
L49M,   -6.97
L49N,   -10.8
L49Q,   -10.7
L49P,   -7.55
L49S,   -10.2
L49R,   -9.43
L49T,   -8.53
L49W,   -10.7
L49V,   -8.57
L49Y,   -10.2
N50A,   0.878
N50C,   -4.52
N50E,    1.94
N50D,   -1.13
N50G,   0.277
N50F,   -4.16
N50I,  -0.489
N50H,   -1.06
N50K,    -1.7
N50M,   -1.26
N50L,   -1.43
N50Q,   0.538
N50P,   -5.52
N50S,  -0.156
N50R,   -2.41
N50T,    0.81
N50W,   -9.85
N50V,   0.113
N50Y,    -3.5
S51A,    -6.7
S51C,   -8.25
S51E,   -6.74
S51D,   -5.21
S51G,   -7.34
S51F,   -9.93
S51I,   -9.81
S51H,   -10.4
S51K,   -9.98
S51M,   -9.28
S51L,   -11.0
S51N,   -4.86
S51Q,   -10.4
S51P,   -10.0
S51R,   -10.4
S51T,   -2.01
S51W,   -14.9
S51V,   -9.76
S51Y,   -12.1
G52A,   -7.44
G52C,   -12.9
G52E,   -7.68
G52D,   -5.72
G52F,   -12.7
G52I,   -12.2
G52H,   -10.7
G52K,   -9.85
G52M,   -12.3
G52L,    -9.9
G52N,   -6.18
G52Q,   -7.98
G52P,   -9.28
G52S,   -8.84
G52R,   -9.38
G52T,   -8.81
G52W,   -14.9
G52V,   -9.76
G52Y,   -12.8
K53A,   -3.24
K53C,   -5.52
K53E,   -1.31
K53D,   -1.38
K53G,   -4.21
K53F,   -3.89
K53I,   -4.09
K53H,   -1.51
K53M,   -3.67
K53L,   -4.24
K53N,   -2.55
K53Q,  -0.407
K53P,   -4.66
K53S,   -3.33
K53R,   -2.39
K53T,   -1.51
K53W,   -7.56
K53V,   -4.36
K53Y,   -4.07
I54A,   -2.64
I54C,   -2.97
I54E,   -1.31
I54D,   -4.91
I54G,   -3.86
I54F,   -1.21
I54H,    -2.1
I54K,   -2.19
I54M,   -3.02
I54L,   0.883
I54N,   -2.92
I54Q,   -1.55
I54P,   -6.46
I54S,   -1.58
I54R,    -2.4
I54T,   -2.12
I54W,   -6.16
I54V,   -2.15
I54Y,   -1.74
L55A,   -2.25
L55C,   -6.32
L55E,   -2.88
L55D,   -4.16
L55G,   -2.57
L55F,   -4.54
L55I,   -2.05
L55H,   -6.46
L55K,   -5.99
L55M,   -3.52
L55N,   -6.35
L55Q,   -5.26
L55P,   -5.83
L55S,   -3.74
L55R,    -4.9
L55T,   -2.95
L55W,   -6.88
L55V,   -1.52
L55Y,    -7.5
S57A,   -3.33
S57C,   -11.3
S57E,   -4.88
S57D,   -6.73
S57G,   -2.84
S57F,   -7.28
S57I,   -8.79
S57H,   -5.71
S57K,   -6.44
S57M,   -7.91
S57L,   -8.15
S57N,   -4.23
S57Q,    -6.2
S57P,   -8.87
S57R,   -5.57
S57T,   -3.59
S57W,   -13.6
S57V,   -7.71
S57Y,   -7.87
F58A,   -6.06
F58C,   -5.14
F58E,   -6.31
F58D,   -7.73
F58G,   -9.97
F58I,   -4.14
F58H,   0.348
F58K,    -6.1
F58M,   -5.53
F58L,   -3.67
F58N,   -4.52
F58Q,    -3.3
F58P,   -7.14
F58S,   -4.98
F58R,   -6.44
F58T,   -4.25
F58W,    1.83
F58V,   -4.99
F58Y,    3.32
R59A,   -8.22
R59C,   -9.06
R59E,   -10.3
R59D,   -10.7
R59G,    -6.3
R59F,   -14.1
R59I,   -11.9
R59H,   -5.08
R59K,   -6.36
R59M,   -13.7
R59L,   -10.2
R59N,   -6.24
R59Q,   -6.73
R59P,   -9.61
R59S,   -8.03
R59T,   -10.8
R59W,   -17.6
R59V,   -11.1
R59Y,   -12.0
P60A,    2.27
P60C,   -7.83
P60E,   -1.04
P60D,   -2.19
P60G,    1.13
P60F,   -9.93
P60I,   -3.99
P60H,   -6.95
P60K,   -4.62
P60M,   -4.27
P60L,   -2.73
P60N,   -4.86
P60Q,   -2.59
P60S, 0.00559
P60R,   -4.07
P60T,   -0.52
P60W,   -13.7
P60V,   -1.63
P60Y,   -10.8
E61A,   -2.25
E61C,   -7.96
E61D,    2.64
E61G,   -1.02
E61F,   -6.86
E61I,   -8.17
E61H,    -3.5
E61K,   -5.39
E61M,    -7.1
E61L,   -7.64
E61N,  -0.129
E61Q,   -2.78
E61P,   -7.76
E61S,   -3.32
E61R,   -5.38
E61T,   -4.18
E61W,   -12.0
E61V,   -5.82
E61Y,   -5.66
E62A,    -5.3
E62C,   -8.98
E62D,   -4.09
E62G,   -6.51
E62F,   -8.72
E62I,   -7.54
E62H,   -6.44
E62K,   -7.88
E62M,    -7.0
E62L,   -6.83
E62N,   -7.81
E62Q,   -3.09
E62P,   -10.1
E62S,   -6.12
E62R,   -6.95
E62T,   -6.13
E62W,   -9.34
E62V,   -6.21
E62Y,   -9.07
R63A,    -5.1
R63C,   -6.09
R63E,   -8.17
R63D,   -10.9
R63G,   -7.16
R63F,   -10.1
R63I,   -7.47
R63H,   -3.68
R63K,    -4.2
R63M,   -8.71
R63L,   -6.95
R63N,   -7.29
R63Q,   -4.55
R63P,   -9.08
R63S,   -6.76
R63T,   -6.47
R63W,   -10.0
R63V,   -6.97
R63Y,   -6.39
F64A,   -9.69
F64C,   -13.1
F64E,   -14.9
F64D,   -13.4
F64G,   -13.8
F64I,   -11.8
F64H,   -11.0
F64K,   -14.6
F64M,   -9.42
F64L,   -7.87
F64N,   -14.7
F64Q,   -12.9
F64P,   -11.1
F64S,   -10.1
F64R,   -12.9
F64T,   -12.8
F64W,   -9.88
F64V,   -10.5
F64Y,   -7.02
P65A,   -9.14
P65C,   -15.6
P65E,   -14.6
P65D,   -13.1
P65G,   -9.12
P65F,   -9.92
P65I,   -12.7
P65H,   -12.3
P65K,   -12.4
P65M,   -13.1
P65L,   -9.93
P65N,   -14.8
P65Q,   -10.9
P65S,   -10.0
P65R,   -9.98
P65T,   -11.9
P65W,   -11.9
P65V,   -11.6
P65Y,   -12.1
M66A,   -6.08
M66C,   -10.5
M66E,   -12.2
M66D,   -14.0
M66G,   -12.4
M66F,   -8.98
M66I,    -4.4
M66H,   -13.7
M66K,   -9.02
M66L,   -1.46
M66N,   -9.92
M66Q,   -10.4
M66P,   -9.18
M66S,   -8.38
M66R,   -12.8
M66T,   -3.92
M66W,   -17.0
M66V,   -2.79
M66Y,   -14.6
M67A,   -4.39
M67C,   -7.78
M67E,   -9.86
M67D,   -9.28
M67G,   -7.53
M67F,   -9.79
M67I,   -7.57
M67H,   -8.19
M67K,   -6.47
M67L,   -4.52
M67N,    -5.1
M67Q,   -7.68
M67P,   -12.9
M67S,    -3.7
M67R,   -11.0
M67T,   -4.36
M67W,   -13.7
M67V,   -6.99
M67Y,   -13.0
S68A,   -10.7
S68C,   -12.8
S68E,   -18.4
S68D,   -14.4
S68G,   -9.92
S68F,   -18.4
S68I,   -17.8
S68H,   -15.7
S68K,   -18.6
S68M,   -15.5
S68L,   -18.4
S68N,   -12.1
S68Q,   -19.7
S68P,   -15.6
S68R,   -20.5
S68T,   -10.2
S68W,   -29.7
S68V,   -15.6
S68Y,   -18.9
T69A,   -9.41
T69C,   -12.6
T69E,   -14.7
T69D,   -15.8
T69G,   -14.6
T69F,   -18.0
T69I,   -11.0
T69H,   -20.1
T69K,   -18.4
T69M,   -10.8
T69L,   -14.9
T69N,   -13.9
T69Q,   -17.7
T69P,   -13.3
T69S,    -6.3
T69R,   -19.3
T69W,   -26.0
T69V,   -8.25
T69Y,   -18.7
F70A,   -9.83
F70C,   -9.29
F70E,   -14.0
F70D,   -14.3
F70G,   -14.8
F70I,   -9.47
F70H,   -4.18
F70K,   -18.6
F70M,   -10.9
F70L,   -8.48
F70N,   -12.9
F70Q,   -13.7
F70P,   -8.94
F70S,   -8.62
F70R,   -13.6
F70T,   -11.9
F70W,   -9.01
F70V,   -8.32
F70Y,    -5.2
K71A,   -15.1
K71C,   -16.6
K71E,   -12.3
K71D,   -19.0
K71G,   -15.1
K71F,   -17.2
K71I,   -12.7
K71H,   -14.8
K71M,   -14.1
K71L,   -13.9
K71N,   -12.2
K71Q,   -11.6
K71P,   -16.0
K71S,   -11.6
K71R,   -8.88
K71T,   -12.5
K71W,   -24.1
K71V,   -14.3
K71Y,   -16.2
V72A,   -2.51
V72C,    -8.6
V72E,   -11.1
V72D,   -11.0
V72G,   -9.49
V72F,   -12.0
V72I,   -5.56
V72H,   -15.4
V72K,   -15.7
V72M,   -6.54
V72L,   -6.66
V72N,   -14.3
V72Q,   -14.4
V72P,   -8.51
V72S,   -7.12
V72R,   -14.1
V72T,    -3.8
V72W,   -13.4
V72Y,   -14.1
L73A,   -9.12
L73C,   -10.2
L73E,   -11.7
L73D,   -13.2
L73G,   -11.2
L73F,   -8.54
L73I,   -7.19
L73H,   -11.8
L73K,   -11.0
L73M,   -4.69
L73N,   -12.0
L73Q,    -9.7
L73P,   -8.86
L73S,   -9.96
L73R,   -11.4
L73T,   -10.6
L73W,   -11.1
L73V,   -6.91
L73Y,   -11.7
L74A,   -9.34
L74C,   -9.41
L74E,   -17.3
L74D,   -20.6
L74G,   -13.1
L74F,   -14.3
L74I,   -7.89
L74H,   -19.2
L74K,   -19.1
L74M,   -7.68
L74N,   -21.1
L74Q,   -15.0
L74P,   -14.5
L74S,   -13.0
L74R,   -15.8
L74T,   -10.6
L74W,   -20.5
L74V,   -8.28
L74Y,   -18.4
C75A,   -6.19
C75E,   -10.5
C75D,   -10.3
C75G,   -8.14
C75F,   -8.92
C75I,   -11.4
C75H,    -8.6
C75K,   -14.1
C75M,   -11.8
C75L,   -8.01
C75N,   -11.0
C75Q,   -11.9
C75P,   -10.1
C75S,   -4.18
C75R,   -11.4
C75T,   -9.34
C75W,   -13.7
C75V,   -7.64
C75Y,   -10.7
G76A,   -2.89
G76C,   -14.1
G76E,   -13.9
G76D,   -14.9
G76F,   -16.6
G76I,   -8.84
G76H,   -17.4
G76K,   -14.0
G76M,   -11.7
G76L,   -8.71
G76N,   -15.0
G76Q,   -15.9
G76P,   -11.7
G76S,   -8.07
G76R,   -15.2
G76T,   -8.42
G76W,   -21.5
G76V,   -8.18
G76Y,   -18.6
A77C,   -5.26
A77E,    -5.7
A77D,   -8.59
A77G,    -6.6
A77F,   -8.45
A77I,    -7.6
A77H,   -4.32
A77K,   -4.64
A77M,    -6.1
A77L,   -7.38
A77N,   -6.24
A77Q,   -3.64
A77P,   -8.54
A77S,   -3.75
A77R,   -5.11
A77T,   -3.41
A77W,   -10.8
A77V,   -5.07
A77Y,   -6.27
V78A,   -4.94
V78C,   -7.43
V78E,   -8.64
V78D,   -11.6
V78G,   -7.83
V78F,   -6.86
V78I,    1.24
V78H,   -8.69
V78K,   -8.45
V78M,   -3.39
V78L,   -1.29
V78N,   -7.85
V78Q,   -9.96
V78P,   -11.4
V78S,   -8.39
V78R,   -8.06
V78T,   -3.25
V78W,   -16.0
V78Y,   -9.72
L79A,   -12.7
L79C,   -11.6
L79E,   -14.6
L79D,   -15.3
L79G,   -17.1
L79F,   -10.4
L79I,   -7.33
L79H,   -16.8
L79K,   -14.0
L79M,   -6.95
L79N,   -16.4
L79Q,   -13.4
L79P,   -15.3
L79S,   -15.3
L79R,   -16.2
L79T,   -12.6
L79W,   -18.5
L79V,   -9.07
L79Y,   -15.4
S80A,   0.124
S80C,   -8.68
S80E,   -4.88
S80D,   -4.04
S80G,   -7.93
S80F,   -7.24
S80I,    -7.2
S80H,   -4.04
S80K,   -2.21
S80M,   -2.15
S80L,   -3.53
S80N,   -2.68
S80Q,   -2.79
S80P,   -8.47
S80R,   -5.08
S80T,   -1.28
S80W,   -6.93
S80V,    -5.3
S80Y,   -6.29
R81A,   -6.56
R81C,   -9.82
R81E,   -12.2
R81D,   -15.2
R81G,   -9.67
R81F,   -14.0
R81I,   -11.7
R81H,   -6.42
R81K,   -4.41
R81M,   -10.7
R81L,   -9.13
R81N,   -9.73
R81Q,   -8.01
R81P,   -16.5
R81S,   -9.62
R81T,   -10.6
R81W,   -15.8
R81V,   -11.8
R81Y,   -12.8
V82A,   -2.79
V82C,   -9.33
V82E,   -6.81
V82D,    -9.8
V82G,   -5.38
V82F,   -7.88
V82I,   -2.22
V82H,   -9.23
V82K,   -8.73
V82M,   -6.27
V82L,   -4.22
V82N,   -7.82
V82Q,   -8.79
V82P,   -7.51
V82S,   -5.35
V82R,   -8.95
V82T,   -5.59
V82W,   -17.7
V82Y,   -7.78
D83A,   -10.7
D83C,   -16.2
D83E,   -5.54
D83G,   -11.6
D83F,   -15.7
D83I,   -17.5
D83H,   -9.84
D83K,   -11.7
D83M,   -14.6
D83L,   -15.4
D83N,    -8.8
D83Q,   -8.24
D83P,   -12.9
D83S,   -11.0
D83R,   -11.9
D83T,   -11.2
D83W,   -22.9
D83V,   -12.8
D83Y,   -15.0
A84C,   -8.59
A84E,   -3.54
A84D,   -4.18
A84G,   -8.14
A84F,   -6.85
A84I,   -6.31
A84H,   -4.05
A84K,   -2.65
A84M,   -7.44
A84L,   -6.35
A84N,   -5.14
A84Q,   -1.62
A84P,   -5.78
A84S,   -2.94
A84R,   -5.94
A84T,    -4.3
A84W,   -12.5
A84V,   -5.77
A84Y,   -7.57
G85A,   -5.99
G85C,   -7.96
G85E,   -6.53
G85D,   -5.89
G85F,    -9.1
G85I,    -9.1
G85H,   -5.57
G85K,   -6.35
G85M,   -10.1
G85L,   -9.14
G85N,   -4.87
G85Q,   -7.13
G85P,   -8.44
G85S,   -6.24
G85R,   -7.74
G85T,   -7.21
G85W,    -8.9
G85V,    -7.2
G85Y,   -8.72
Q86A,   -4.32
Q86C,    -7.6
Q86E,   -1.54
Q86D,   -5.52
Q86G,   -3.89
Q86F,   -7.85
Q86I,   -5.09
Q86H,   -3.38
Q86K,   0.156
Q86M,   -6.29
Q86L,   -4.82
Q86N,   -3.74
Q86P,   -7.95
Q86S,   -4.01
Q86R,   -4.11
Q86T,   -4.64
Q86W,   -14.4
Q86V,   -5.02
Q86Y,   -6.11
E87A,   -5.35
E87C,   -14.3
E87D,   -6.15
E87G,   -9.81
E87F,   -10.6
E87I,   -8.79
E87H,   -11.2
E87K,   -8.81
E87M,   -10.5
E87L,   -9.58
E87N,   -8.37
E87Q,   -6.12
E87P,   -10.1
E87S,   -7.55
E87R,   -12.3
E87T,   -8.45
E87W,   -14.9
E87V,   -8.25
E87Y,   -9.81
Q88A,   -2.87
Q88C,   -6.83
Q88E,   -1.69
Q88D,   -1.27
Q88G,   -3.98
Q88F,    -3.0
Q88I,   -3.05
Q88H,   -4.21
Q88K,   -2.95
Q88M,   -5.32
Q88L,   -3.53
Q88N,   -2.97
Q88P,   -6.65
Q88S,   -2.36
Q88R,   -6.55
Q88T,   -3.57
Q88W,   -11.6
Q88V,   -2.39
Q88Y,   -6.71
L89A,   -6.64
L89C,   -7.14
L89E,   -10.3
L89D,   -10.8
L89G,   -8.62
L89F,   -8.88
L89I,   -5.33
L89H,   -13.4
L89K,    -9.9
L89M,   -4.53
L89N,   -13.6
L89Q,   -9.49
L89P,   -5.07
L89S,   -8.45
L89R,   -11.0
L89T,   -8.58
L89W,   -10.8
L89V,   -6.89
L89Y,   -13.5
G90A,  -0.725
G90C,   -7.64
G90E,    1.17
G90D,    2.14
G90F,   -7.64
G90I,   -7.78
G90H,   -6.98
G90K,   -7.71
G90M,   -7.45
G90L,   -8.84
G90N,    -2.4
G90Q,    -4.6
G90P,   -7.08
G90S,   -1.69
G90R,   -9.59
G90T,   -3.49
G90W,   -13.6
G90V,    -5.3
G90Y,   -6.51
R91A,   -6.56
R91C,   -12.0
R91E,   -5.88
R91D,   -7.02
R91G,   -9.69
R91F,   -14.5
R91I,   -9.77
R91H,   -5.22
R91K,   -4.63
R91M,    -9.9
R91L,   -7.34
R91N,   -8.23
R91Q,   -3.37
R91P,   -9.57
R91S,    -8.6
R91T,   -7.73
R91W,   -18.2
R91V,   -9.23
R91Y,   -12.7
R92A,   -5.44
R92C,   -9.02
R92E,    -8.7
R92D,   -11.1
R92G,   -8.73
R92F,   -10.1
R92I,   -8.11
R92H,   -6.01
R92K,    -6.8
R92M,   -8.22
R92L,    -7.4
R92N,   -9.04
R92Q,   -5.72
R92P,   -7.76
R92S,    -7.0
R92T,   -6.01
R92W,   -14.5
R92V,   -6.24
R92Y,   -9.63
I93A,   -6.91
I93C,   -11.9
I93E,   -8.16
I93D,   -11.3
I93G,   -12.0
I93F,   -8.47
I93H,   -12.1
I93K,   -11.2
I93M,   -5.81
I93L,   -6.46
I93N,   -9.32
I93Q,   -12.7
I93P,   -11.9
I93S,   -8.99
I93R,   -15.3
I93T,   -6.04
I93W,   -13.0
I93V,  -0.616
I93Y,   -10.3
H94A,   0.256
H94C,   -3.44
H94E,  -0.335
H94D,  -0.627
H94G,   -2.46
H94F,  -0.205
H94I,   -2.03
H94K,  -0.435
H94M,   0.582
H94L,   -2.57
H94N,   -2.43
H94Q,  -0.366
H94P,   0.919
H94S,   0.975
H94R,   -2.03
H94T,    1.57
H94W,   -2.91
H94V,  -0.677
H94Y,     0.3
Y95A,   -9.89
Y95C,   -14.3
Y95E,   -14.8
Y95D,   -16.6
Y95G,   -17.4
Y95F,    -2.3
Y95I,   -9.69
Y95H,   -6.16
Y95K,   -15.6
Y95M,   -11.1
Y95L,    -9.8
Y95N,   -14.2
Y95Q,   -12.4
Y95P,   -9.38
Y95S,   -12.8
Y95R,   -14.0
Y95T,   -12.7
Y95W,   -1.82
Y95V,   -9.69
S96A,   -2.28
S96C,   -5.84
S96E,    0.14
S96D,  -0.416
S96G,   -2.21
S96F,   -5.35
S96I,    -3.2
S96H,   -2.07
S96K,   -1.74
S96M,    -3.5
S96L,   -4.28
S96N,  -0.688
S96Q,   -1.69
S96P,   -2.89
S96R,   -1.69
S96T,   0.022
S96W,   -8.48
S96V,   -4.39
S96Y,   -5.65
Q97A,   -3.67
Q97C,   -6.67
Q97E,    -3.7
Q97D,   -5.83
Q97G,   -5.85
Q97F,   -8.18
Q97I,   -7.75
Q97H,   -3.63
Q97K,   -1.31
Q97M,   -6.05
Q97L,   -6.12
Q97N,   -4.11
Q97P,   -2.67
Q97S,   -3.63
Q97R,    -2.0
Q97T,   -4.25
Q97W,   -8.82
Q97V,   -5.56
Q97Y,   -7.41
N98A,   -1.68
N98C,   -6.51
N98E,   -0.56
N98D,   -2.01
N98G,    -2.1
N98F,   -1.24
N98I,   -4.07
N98H,   -1.06
N98K,  -0.907
N98M,   -3.55
N98L,   -3.05
N98Q,   0.399
N98P,   -4.86
N98S,   0.798
N98R,   -1.26
N98T,   -2.04
N98W,   -6.25
N98V,   -4.68
N98Y,   -1.13
D99A,   -7.46
D99C,   -13.9
D99E,   -2.44
D99G,   -8.68
D99F,   -8.54
D99I,   -12.4
D99H,   -9.45
D99K,   -11.7
D99M,    -9.8
D99L,   -11.5
D99N,   -7.98
D99Q,    -6.7
D99P,   -9.86
D99S,   -8.64
D99R,   -13.0
D99T,   -8.48
D99W,   -15.8
D99V,   -8.62
D99Y,   -7.09
L100A,   -12.2
L100C,   -13.0
L100E,   -15.3
L100D,   -18.5
L100G,   -17.2
L100F,   -13.8
L100I,    -4.7
L100H,   -17.9
L100K,   -15.0
L100M,    -5.6
L100N,   -16.5
L100Q,   -14.5
L100P,   -16.5
L100S,   -13.9
L100R,   -15.7
L100T,   -10.5
L100W,   -16.8
L100V,   -5.89
L100Y,   -18.9
V101A,   -3.82
V101C,   -6.75
V101E,   -2.05
V101D,   -2.69
V101G,   -6.43
V101F,   -4.71
V101I,  -0.656
V101H,   -4.39
V101K,   -4.58
V101M,   -4.26
V101L,   -3.62
V101N,    -3.6
V101Q,   -4.23
V101P,    -5.4
V101S,   -4.25
V101R,   -5.47
V101T,    -2.2
V101W,   -9.49
V101Y,   -5.32
E102A,   -2.11
E102C,   -4.35
E102D,  -0.402
E102G,  0.0987
E102F,   -4.24
E102I,   -3.18
E102H,   -2.41
E102K,   0.882
E102M,   -4.68
E102L,   -3.35
E102N,  -0.805
E102Q,   0.193
E102P,   -3.77
E102S,   -1.52
E102R,  -0.237
E102T,  -0.813
E102W,   -6.69
E102V,   -3.03
E102Y,   -4.06
Y103A,   -11.2
Y103C,   -9.29
Y103E,   -11.3
Y103D,   -11.2
Y103G,   -7.13
Y103F,   -6.55
Y103I,   -9.42
Y103H,   -2.31
Y103K,   -10.3
Y103M,   -12.2
Y103L,   -8.98
Y103N,   -5.92
Y103Q,   -10.1
Y103P,   -9.86
Y103S,   -9.18
Y103R,   -10.4
Y103T,   -9.37
Y103W,   -3.03
Y103V,   -8.97
S104A,   -7.01
S104C,   -16.5
S104E,   -17.9
S104D,   -15.7
S104G,   -11.5
S104F,   -18.8
S104I,   -19.3
S104H,   -16.5
S104K,   -16.8
S104M,   -17.6
S104L,   -21.7
S104N,   -12.5
S104Q,   -19.4
S104P,   -15.6
S104R,   -19.0
S104T,   -10.2
S104W,   -32.6
S104V,   -17.1
S104Y,   -21.0
P105A,   -6.94
P105C,   -13.1
P105E,   -8.66
P105D,   -8.49
P105G,   -11.1
P105F,   -12.4
P105I,   -12.3
P105H,   -9.24
P105K,   -8.36
P105M,   -13.1
P105L,   -12.5
P105N,   -10.0
P105Q,   -8.01
P105S,   -7.96
P105R,   -9.74
P105T,   -7.79
P105W,   -14.0
P105V,   -9.74
P105Y,   -11.9
V106A,   -6.53
V106C,   -11.7
V106E,    -9.5
V106D,   -13.1
V106G,   -13.2
V106F,    -8.0
V106I,    -1.2
V106H,   -13.0
V106K,   -12.0
V106M,   -5.86
V106L,   -6.25
V106N,   -12.1
V106Q,   -11.9
V106P,   -12.4
V106S,   -10.7
V106R,   -12.9
V106T,   -8.46
V106W,   -17.4
V106Y,   -10.9
T107A,   -6.93
T107C,   -9.58
T107E,   -13.0
T107D,   -13.8
T107G,   -10.6
T107F,   -12.9
T107I,   -6.27
T107H,   -16.1
T107K,   -13.4
T107M,   -9.06
T107L,   -8.19
T107N,   -12.7
T107Q,   -14.3
T107P,   -13.9
T107S,   -5.95
T107R,   -12.9
T107W,   -19.5
T107V,   -6.32
T107Y,   -15.4
E108A,   -5.68
E108C,   -8.55
E108D,   -5.37
E108G,   -3.84
E108F,   -12.3
E108I,   -6.42
E108H,   -6.98
E108K,   -3.22
E108M,   -8.37
E108L,   -5.95
E108N,   -5.99
E108Q,   -2.86
E108P,   -7.15
E108S,   -3.97
E108R,    -3.8
E108T,   -4.59
E108W,   -16.0
E108V,   -5.25
E108Y,   -10.9
K109A,   -5.36
K109C,    -9.0
K109E,   -4.54
K109D,   -6.97
K109G,   -6.87
K109F,   -9.41
K109I,   -6.75
K109H,   -4.98
K109M,   -8.23
K109L,   -3.64
K109N,   -3.51
K109Q,   -2.54
K109P,   -6.19
K109S,   -4.66
K109R,   -2.25
K109T,   -4.79
K109W,   -11.9
K109V,   -6.43
K109Y,   -8.24
H110A,    -6.3
H110C,   -8.66
H110E,   -8.05
H110D,    -8.3
H110G,   -5.65
H110F,   -5.97
H110I,   -8.54
H110K,   -6.91
H110M,   -8.17
H110L,   -6.41
H110N,   -3.71
H110Q,   -7.17
H110P,   -10.2
H110S,   -5.95
H110R,   -3.97
H110T,   -5.88
H110W,   -15.6
H110V,   -9.18
H110Y,   -5.08
L111A,   -7.82
L111C,   -9.29
L111E,   -11.8
L111D,   -14.3
L111G,   -12.1
L111F,   -9.14
L111I,   -3.77
L111H,   -12.5
L111K,   -10.0
L111M,    -5.6
L111N,   -12.6
L111Q,   -9.35
L111P,   -9.81
L111S,   -10.4
L111R,   -9.37
L111T,   -8.13
L111W,   -14.5
L111V,   -4.28
L111Y,   -13.3
T112A,    2.53
T112C,    -3.5
T112E,  -0.563
T112D,  -0.179
T112G,   -2.17
T112F,   -4.68
T112I,   -3.86
T112H,   -1.22
T112K,  -0.274
T112M,   -5.16
T112L,   -4.28
T112N,  -0.926
T112Q,   -1.68
T112P,   0.726
T112S,   0.505
T112R,   -2.09
T112W,   -6.51
T112V,   -1.41
T112Y,   -3.29
D113A,   -4.92
D113C,   -9.57
D113E,   -2.85
D113G,   -5.57
D113F,   -8.23
D113I,   -7.99
D113H,   -5.82
D113K,   -3.82
D113M,   -7.94
D113L,    -8.2
D113N,   -3.25
D113Q,   -3.02
D113P,   -4.32
D113S,   -4.39
D113R,   -5.11
D113T,   -3.34
D113W,   -11.1
D113V,   -6.04
D113Y,   -7.71
G114A,   -7.12
G114C,   -13.7
G114E,   -9.13
G114D,   -8.72
G114F,   -14.8
G114I,   -11.0
G114H,   -14.5
G114K,   -12.5
G114M,   -12.9
G114L,   -12.8
G114N,   -10.5
G114Q,   -11.8
G114P,   -13.1
G114S,    -7.9
G114R,   -13.6
G114T,   -8.08
G114W,   -19.1
G114V,   -10.0
G114Y,   -17.3
M115A,   -10.4
M115C,   -8.81
M115E,   -11.1
M115D,   -14.5
M115G,   -14.3
M115F,   -4.28
M115I,   -3.17
M115H,   -11.1
M115K,   -10.1
M115L,   -3.43
M115N,   -12.6
M115Q,   -8.56
M115P,   -12.5
M115S,   -11.1
M115R,   -11.5
M115T,    -8.2
M115W,   -13.4
M115V,   -5.58
M115Y,   -10.7
T116A,   -5.47
T116C,   -10.3
T116E,    -5.5
T116D,   -5.32
T116G,   -6.59
T116F,   -13.6
T116I,    -7.4
T116H,   -8.09
T116K,   -4.87
T116M,   -7.99
T116L,   -7.97
T116N,   -2.93
T116Q,   -7.63
T116P,   -7.98
T116S,   -2.11
T116R,   -7.35
T116W,   -18.3
T116V,   -7.74
T116Y,   -12.3
V117A,   -4.47
V117C,   -8.78
V117E,   -7.83
V117D,   -12.2
V117G,    -8.6
V117F,   -9.66
V117I,   -2.41
V117H,   -6.88
V117K,   -6.16
V117M,   -5.44
V117L,   -3.24
V117N,    -7.3
V117Q,   -7.94
V117P,   -6.47
V117S,   -6.43
V117R,   -7.23
V117T,   -5.75
V117W,   -9.58
V117Y,   -8.36
R118A,    3.12
R118C,   -2.93
R118E,    1.14
R118D,   -0.36
R118G,    1.79
R118F,   -6.49
R118I,  -0.885
R118H,   -3.57
R118K,    -0.3
R118M,   -3.56
R118L,    -2.3
R118N,   -1.26
R118Q,  -0.856
R118P,   -2.76
R118S,    2.18
R118T,    1.56
R118W,   -9.48
R118V,   -0.22
R118Y,   -5.92
E119A,   -2.82
E119C,   -10.0
E119D,   -1.42
E119G,    -6.3
E119F,   -9.25
E119I,   -8.37
E119H,   -8.27
E119K,   -6.91
E119M,   -8.38
E119L,   -10.1
E119N,   -6.89
E119Q,   -5.16
E119P,   -6.44
E119S,   -6.39
E119R,   -8.13
E119T,    -5.3
E119W,   -13.3
E119V,   -6.53
E119Y,   -8.23
L120A,   -12.4
L120C,   -12.8
L120E,   -16.0
L120D,   -17.3
L120G,   -12.2
L120F,   -7.59
L120I,   -7.57
L120H,   -13.2
L120K,   -14.7
L120M,   -6.73
L120N,   -16.0
L120Q,   -12.9
L120P,   -11.9
L120S,   -12.1
L120R,   -14.5
L120T,   -11.3
L120W,   -9.78
L120V,   -10.0
L120Y,   -12.4
C121A,   -5.63
C121E,   -13.6
C121D,   -15.5
C121G,   -7.48
C121F,   -11.5
C121I,   -8.57
C121H,   -12.9
C121K,   -17.1
C121M,   -10.5
C121L,   -8.93
C121N,   -13.3
C121Q,   -15.2
C121P,   -15.6
C121S,   -6.65
C121R,   -15.1
C121T,   -9.06
C121W,   -18.1
C121V,   -8.72
C121Y,   -12.4
S122A,   -1.74
S122C,   -3.82
S122E,  -0.116
S122D,  -0.512
S122G,    -2.2
S122F,   -3.69
S122I,   -4.88
S122H,   -3.21
S122K,   -5.89
S122M,   -4.73
S122L,    -5.8
S122N,   -3.63
S122Q,   -2.06
S122P,   -4.97
S122R,   -5.17
S122T,   -1.11
S122W,   -9.38
S122V,   -4.43
S122Y,   -5.61
A123C,   -8.28
A123E,   -5.96
A123D,   -6.85
A123G,   -1.96
A123F,   -12.3
A123I,   -7.41
A123H,   -9.26
A123K,   -11.0
A123M,   -7.24
A123L,    -7.2
A123N,   -9.52
A123Q,   -8.91
A123P,    -7.2
A123S,   -6.41
A123R,   -6.58
A123T,   -4.01
A123W,   -18.8
A123V,   -4.69
A123Y,   -11.2
A124C,   -13.2
A124E,   -10.7
A124D,   -13.7
A124G,   -7.14
A124F,   -16.9
A124I,   -10.1
A124H,   -15.7
A124K,   -14.0
A124M,   -9.64
A124L,   -15.0
A124N,   -10.3
A124Q,   -14.9
A124P,   -13.5
A124S,   -4.78
A124R,   -14.0
A124T,   -4.62
A124W,   -23.4
A124V,   -8.11
A124Y,   -14.7
I125A,   -10.4
I125C,   -12.8
I125E,   -14.7
I125D,   -19.8
I125G,   -14.4
I125F,   -10.2
I125H,   -14.2
I125K,   -12.3
I125M,   -6.27
I125L,   -5.19
I125N,   -12.9
I125Q,   -10.4
I125P,   -19.2
I125S,   -11.9
I125R,   -15.2
I125T,   -8.75
I125W,   -20.8
I125V,   -4.94
I125Y,   -13.8
T126A,   -4.18
T126C,   -6.74
T126E,   -3.99
T126D,    -2.5
T126G,   -5.59
T126F,    -6.8
T126I,   -5.53
T126H,   -6.34
T126K,   -6.81
T126M,   -7.38
T126L,   -8.58
T126N,   -6.02
T126Q,   -7.05
T126P,   -6.15
T126S,   -3.02
T126R,   -5.74
T126W,   -9.95
T126V,   -5.49
T126Y,   -6.99
M127A,   -5.89
M127C,   -6.26
M127E,   -4.78
M127D,   -5.62
M127G,   -7.67
M127F,   -3.75
M127I,   -2.46
M127H,   -3.83
M127K,   -4.76
M127L,   -2.54
M127N,   -4.38
M127Q,   -3.42
M127P,   -8.07
M127S,   -5.22
M127R,   -6.18
M127T,   -2.68
M127W,   -7.49
M127V,   -2.65
M127Y,   -3.91
S128A,   -12.6
S128C,   -13.1
S128E,   -18.1
S128D,   -14.0
S128G,   -11.2
S128F,   -15.3
S128I,   -16.2
S128H,   -14.9
S128K,   -19.6
S128M,   -17.3
S128L,   -16.9
S128N,   -9.43
S128Q,   -19.6
S128P,   -18.5
S128R,   -22.6
S128T,   -11.5
S128W,   -27.5
S128V,   -15.6
S128Y,   -16.7
D129A,   -12.2
D129C,   -17.1
D129E,   -7.53
D129G,   -14.0
D129F,   -17.6
D129I,   -21.8
D129H,   -10.6
D129K,   -16.9
D129M,   -17.9
D129L,   -19.5
D129N,   -9.38
D129Q,   -13.3
D129P,   -16.8
D129S,   -10.7
D129R,   -16.2
D129T,   -13.4
D129W,   -20.9
D129V,   -17.0
D129Y,   -15.4
N130A,   -14.1
N130C,   -14.4
N130E,   -15.1
N130D,   -13.7
N130G,   -13.2
N130F,   -16.1
N130I,   -14.3
N130H,   -7.94
N130K,   -9.25
N130M,   -12.0
N130L,   -12.1
N130Q,   -10.7
N130P,   -18.3
N130S,   -10.7
N130R,   -10.3
N130T,   -11.8
N130W,   -22.2
N130V,   -13.9
N130Y,   -14.7
T131A,   -7.67
T131C,   -10.9
T131E,   -15.6
T131D,   -13.3
T131G,   -7.99
T131F,   -16.4
T131I,   -10.3
T131H,   -16.8
T131K,   -17.5
T131M,   -12.6
T131L,   -12.6
T131N,   -11.8
T131Q,   -18.0
T131P,   -12.0
T131S,   -3.72
T131R,   -14.4
T131W,   -19.8
T131V,   -10.4
T131Y,   -17.0
A132C,   -12.7
A132E,   -11.1
A132D,   -14.1
A132G,   -6.52
A132F,   -14.6
A132I,   -14.9
A132H,   -14.9
A132K,   -16.0
A132M,   -14.8
A132L,   -15.6
A132N,   -15.6
A132Q,   -13.3
A132P,   -13.4
A132S,   -6.71
A132R,   -14.7
A132T,   -9.04
A132W,   -21.3
A132V,   -10.9
A132Y,   -15.8
A133C,   -12.4
A133E,   -8.67
A133D,   -12.0
A133G,   -1.58
A133F,   -14.4
A133I,   -7.09
A133H,   -13.0
A133K,   -12.1
A133M,   -10.5
A133L,   -10.6
A133N,   -9.09
A133Q,   -12.5
A133P,   -9.42
A133S,   -3.91
A133R,   -13.4
A133T,   -5.52
A133W,   -19.3
A133V,    -5.2
A133Y,   -13.2
N134A,   -12.4
N134C,   -16.0
N134E,   -12.9
N134D,   -10.3
N134G,   -11.8
N134F,   -17.3
N134I,   -15.2
N134H,   -11.2
N134K,   -11.2
N134M,   -14.0
N134L,   -13.9
N134Q,   -12.2
N134P,   -19.7
N134S,   -11.0
N134R,   -12.9
N134T,   -10.4
N134W,   -28.4
N134V,   -13.6
N134Y,   -18.4
L135A,   -10.2
L135C,    -8.1
L135E,   -10.2
L135D,   -12.3
L135G,   -11.6
L135F,   -8.81
L135I,   -4.53
L135H,   -10.4
L135K,   -6.49
L135M,   -3.33
L135N,   -9.98
L135Q,   -8.46
L135P,   -12.5
L135S,   -8.66
L135R,   -8.35
L135T,   -7.86
L135W,   -12.4
L135V,   -6.41
L135Y,   -10.6
L136A,   -11.9
L136C,   -11.3
L136E,   -15.3
L136D,   -15.6
L136G,   -15.7
L136F,   -11.3
L136I,   -6.65
L136H,   -13.8
L136K,   -13.6
L136M,   -6.44
L136N,   -13.6
L136Q,   -14.5
L136P,   -15.5
L136S,   -13.9
L136R,   -13.7
L136T,   -10.6
L136W,   -14.7
L136V,   -6.93
L136Y,   -16.0
L137A,   -8.31
L137C,   -10.5
L137E,   -12.6
L137D,   -14.4
L137G,   -9.76
L137F,   -6.14
L137I,   -4.19
L137H,   -11.9
L137K,   -14.6
L137M,   -6.39
L137N,   -16.1
L137Q,   -11.5
L137P,   -11.8
L137S,   -9.55
L137R,   -11.6
L137T,   -9.84
L137W,   -14.9
L137V,    -8.2
L137Y,   -13.0
T138A,    1.41
T138C,   -3.97
T138E,    1.96
T138D,  -0.321
T138G,   0.574
T138F,   -4.06
T138I,   -1.53
T138H,    0.44
T138K,     1.3
T138M,   -3.08
T138L,   -1.84
T138N,    0.87
T138Q,    1.32
T138P,   -2.91
T138S,    1.28
T138R,   0.353
T138W,   -7.49
T138V,   -2.03
T138Y,   -1.66
T139A,   -3.07
T139C,   -7.08
T139E,   -2.77
T139D,   -4.74
T139G,    -4.8
T139F,   -4.58
T139I,   -0.32
T139H,   -4.37
T139K,   -5.85
T139M,   -3.58
T139L,   -2.97
T139N,   -3.56
T139Q,   -3.13
T139P,   -9.72
T139S,  -0.927
T139R,   -7.92
T139W,   -13.5
T139V,   -3.47
T139Y,   -7.14
I140A,   -2.64
I140C,   -6.76
I140E,   -9.56
I140D,   -13.3
I140G,   -7.04
I140F,   -4.68
I140H,   -8.53
I140K,   -10.8
I140M,   -5.33
I140L,  -0.868
I140N,   -12.0
I140Q,   -10.3
I140P,   -10.0
I140S,   -6.18
I140R,   -8.49
I140T,   -4.86
I140W,   -15.3
I140V,   0.589
I140Y,   -9.53
G141A,   -9.61
G141C,   -12.1
G141E,   -8.62
G141D,   -8.84
G141F,   -11.9
G141I,   -12.9
G141H,   -9.73
G141K,   -6.47
G141M,   -13.1
G141L,   -13.8
G141N,    -6.4
G141Q,   -7.74
G141P,   -10.2
G141S,   -7.67
G141R,    -7.0
G141T,   -10.1
G141W,   -12.5
G141V,   -11.6
G141Y,   -11.3
G142A,   -9.59
G142C,   -16.9
G142E,   -13.3
G142D,   -11.7
G142F,   -19.7
G142I,   -17.9
G142H,   -16.0
G142K,   -16.3
G142M,   -18.7
G142L,   -19.2
G142N,   -11.6
G142Q,   -16.6
G142P,   -18.0
G142S,   -10.7
G142R,   -17.5
G142T,   -14.7
G142W,   -22.0
G142V,   -15.2
G142Y,   -20.1
P143A,   -8.89
P143C,   -16.0
P143E,   -13.5
P143D,   -14.0
P143G,   -11.8
P143F,   -15.1
P143I,   -12.1
P143H,   -13.7
P143K,   -12.9
P143M,   -14.4
P143L,   -12.0
P143N,   -14.1
P143Q,   -11.9
P143S,   -10.6
P143R,   -10.8
P143T,   -11.3
P143W,   -14.4
P143V,   -10.1
P143Y,   -15.1
K144A,    -2.5
K144C,   -7.25
K144E,    -1.5
K144D,   -3.86
K144G,   -3.79
K144F,   -5.57
K144I,   -3.67
K144H,   -4.24
K144M,   -4.03
K144L,   -3.82
K144N,   -2.28
K144Q,   0.366
K144P,   -4.27
K144S,   -2.39
K144R,   -4.73
K144T,    -1.7
K144W,   -10.3
K144V,   -3.83
K144Y,   -6.62
E145A,  -0.831
E145C,   -9.77
E145D,   -4.57
E145G,  -0.581
E145F,   -9.52
E145I,   -5.71
E145H,   -5.24
E145K,    -1.4
E145M,   -6.68
E145L,   -7.84
E145N,    -3.8
E145Q,  -0.573
E145P,   -7.64
E145S,   -4.81
E145R,   -4.28
E145T,   -4.05
E145W,   -14.6
E145V,   -3.66
E145Y,   -8.42
L146A,   -9.18
L146C,   -10.4
L146E,   -14.6
L146D,   -19.4
L146G,   -17.9
L146F,   -1.85
L146I,   -5.16
L146H,   -10.7
L146K,   -14.6
L146M,   -6.52
L146N,   -16.2
L146Q,   -11.8
L146P,   -14.8
L146S,   -12.7
L146R,   -13.2
L146T,   -11.4
L146W,   -10.2
L146V,   -3.95
L146Y,   -7.29
T147A,   -7.04
T147C,   -13.0
T147E,   -9.54
T147D,   -9.82
T147G,   -6.19
T147F,   -13.5
T147I,   -8.67
T147H,   -12.0
T147K,   -11.9
T147M,   -8.68
T147L,   -10.6
T147N,   -7.41
T147Q,   -9.91
T147P,   -15.1
T147S,   -5.29
T147R,   -10.1
T147W,   -18.7
T147V,   -9.89
T147Y,   -14.8
A148C,   -10.9
A148E,   -4.79
A148D,   -5.79
A148G,   -1.05
A148F,   -11.4
A148I,   -9.25
A148H,   -7.26
A148K,   -6.25
A148M,    -9.2
A148L,   -7.13
A148N,   -7.68
A148Q,    -5.5
A148P,    -8.0
A148S,   -4.53
A148R,   -4.29
A148T,   -4.91
A148W,   -14.9
A148V,   -6.58
A148Y,   -11.7
F149A,   -8.07
F149C,   -11.4
F149E,   -10.5
F149D,   -9.79
F149G,   -10.7
F149I,   -9.13
F149H,   -6.05
F149K,   -10.1
F149M,   -8.83
F149L,   -6.74
F149N,   -10.9
F149Q,    -8.9
F149P,   -9.84
F149S,   -8.26
F149R,   -8.53
F149T,   -6.59
F149W,   -8.18
F149V,   -8.98
F149Y,    -4.1
L150A,   -7.23
L150C,   -6.25
L150E,   -13.2
L150D,   -13.2
L150G,   -8.69
L150F,    -5.8
L150I,   -5.03
L150H,   -8.23
L150K,   -12.8
L150M,   -4.34
L150N,   -13.7
L150Q,   -10.1
L150P,   -8.29
L150S,   -9.86
L150R,   -10.1
L150T,   -7.28
L150W,   -7.67
L150V,   -6.31
L150Y,   -12.5
H151A,  -0.986
H151C,   -1.62
H151E,   -1.05
H151D,   -2.41
H151G,   -2.24
H151F,   -6.34
H151I,   -3.27
H151K,   0.427
H151M,   -3.98
H151L,   -2.24
H151N,    -0.9
H151Q,   0.287
H151P,   -4.66
H151S,   -1.44
H151R,    2.38
H151T,   -2.38
H151W,   -6.47
H151V,    -2.6
H151Y,   -4.08
N152A,   -1.97
N152C,   -5.81
N152E,   -1.23
N152D,   -1.95
N152G,   -1.47
N152F,   -5.21
N152I,   -4.37
N152H,   -1.34
N152K,    2.54
N152M,   -3.23
N152L,   -3.74
N152Q,  0.0541
N152P,   -5.12
N152S,   0.627
N152R,   -2.11
N152T,   -2.39
N152W,   -9.53
N152V,   -4.59
N152Y,    -5.2
M153A,  -0.704
M153C,   -3.97
M153E,   -3.67
M153D,   -4.37
M153G,   -2.57
M153F,   -3.52
M153I,   0.682
M153H,   -4.04
M153K,   -4.91
M153L,  -0.551
M153N,   -2.53
M153Q,   -4.26
M153P,   -5.08
M153S,  0.0607
M153R,   -3.47
M153T,   0.698
M153W,   -3.78
M153V,  -0.538
M153Y,   -6.89
G154A,   -9.32
G154C,   -13.7
G154E,   -6.58
G154D,   -5.65
G154F,   -14.1
G154I,   -15.8
G154H,   -10.1
G154K,   -10.4
G154M,   -16.6
G154L,   -15.5
G154N,   -8.77
G154Q,   -9.45
G154P,   -10.9
G154S,   -9.42
G154R,   -11.1
G154T,   -10.5
G154W,   -16.4
G154V,   -13.5
G154Y,   -13.9
D155A,   -13.1
D155C,   -16.5
D155E,   -8.24
D155G,   -13.4
D155F,   -16.7
D155I,   -14.6
D155H,   -13.1
D155K,   -16.3
D155M,   -14.0
D155L,   -15.8
D155N,   -8.47
D155Q,   -12.6
D155P,   -15.6
D155S,   -13.2
D155R,   -16.3
D155T,   -12.9
D155W,   -20.8
D155V,   -13.0
D155Y,   -17.2
H156A,   -1.36
H156C,   -4.52
H156E,   0.255
H156D,   0.637
H156G,  -0.367
H156F,   -4.08
H156I,   -2.85
H156K, -0.0872
H156M,   -1.85
H156L,   -2.27
H156N,    1.75
H156Q,    1.97
H156P,  -0.751
H156S,   0.435
H156R,   0.825
H156T,   -1.01
H156W,   -7.94
H156V,   -3.41
H156Y,   -3.95
V157A,   -2.34
V157C,   -5.49
V157E,   -2.39
V157D,   -4.49
V157G,   -6.17
V157F,   -6.76
V157I,  -0.558
V157H,   -5.26
V157K,   -2.87
V157M,   -3.52
V157L,   -2.51
V157N,   -5.15
V157Q,   -3.43
V157P,    -4.9
V157S,   -2.48
V157R,   -5.11
V157T,  0.0504
V157W,   -9.22
V157Y,   -5.61
T158A,   -7.68
T158C,   -9.03
T158E,   -12.0
T158D,   -9.73
T158G,    -9.3
T158F,   -12.0
T158I,    -9.1
T158H,   -13.9
T158K,   -13.7
T158M,   -9.76
T158L,   -8.68
T158N,   -11.8
T158Q,   -13.4
T158P,   -9.47
T158S,   -1.83
T158R,   -13.9
T158W,   -18.3
T158V,   -9.12
T158Y,   -14.4
R159A,   -12.2
R159C,   -12.8
R159E,   -12.3
R159D,   -14.5
R159G,   -12.6
R159F,   -16.1
R159I,   -11.7
R159H,   -6.94
R159K,   -5.84
R159M,   -11.4
R159L,   -9.87
R159N,   -9.98
R159Q,   -6.16
R159P,   -16.0
R159S,   -10.3
R159T,   -10.1
R159W,   -21.8
R159V,   -11.2
R159Y,   -14.9
L160A,   -6.61
L160C,   -6.31
L160E,   -9.22
L160D,   -10.9
L160G,   -8.13
L160F,   -6.86
L160I,   -3.95
L160H,   -4.98
L160K,   -8.74
L160M,   -4.93
L160N,   -7.23
L160Q,   -4.56
L160P,   -8.13
L160S,   -7.92
L160R,   -7.65
L160T,   -5.28
L160W,   -14.5
L160V,    -4.0
L160Y,   -9.97
D161A,   -12.0
D161C,   -19.6
D161E,   -6.95
D161G,   -13.4
D161F,   -16.6
D161I,   -16.8
D161H,   -14.3
D161K,   -18.0
D161M,   -18.9
D161L,   -17.0
D161N,   -10.0
D161Q,   -13.6
D161P,   -15.6
D161S,   -11.2
D161R,   -16.9
D161T,   -12.1
D161W,   -22.4
D161V,   -14.0
D161Y,   -14.6
R162A,   -9.49
R162C,   -7.99
R162E,   -9.77
R162D,   -11.4
R162G,   -10.8
R162F,   -14.3
R162I,   -16.5
R162H,   -3.59
R162K,   -9.89
R162M,   -13.9
R162L,   -10.1
R162N,   -9.03
R162Q,   -7.43
R162P,   -16.4
R162S,   -9.55
R162T,   -12.2
R162W,   -10.7
R162V,   -13.5
R162Y,   -9.64
W163A,   -6.04
W163C,   -6.16
W163E,    -6.3
W163D,   -6.82
W163G,   -7.36
W163F,   -3.77
W163I,    -5.5
W163H,    -3.5
W163K,   -3.94
W163M,   -4.94
W163L,   -6.44
W163N,   -4.63
W163Q,   -4.48
W163P,   -4.38
W163S,   -4.78
W163R,   -3.25
W163T,   -5.14
W163V,   -5.81
W163Y,   -2.65
E164A,   -9.91
E164C,   -15.1
E164D,   -7.39
E164G,   -11.6
E164F,   -15.5
E164I,   -12.9
E164H,   -13.3
E164K,   -12.7
E164M,   -13.1
E164L,   -12.8
E164N,   -11.9
E164Q,   -8.61
E164P,   -12.3
E164S,   -11.2
E164R,   -12.9
E164T,   -10.3
E164W,   -19.4
E164V,   -11.7
E164Y,   -14.4
P165A,   -4.64
P165C,   -11.9
P165E,   -7.85
P165D,   -7.68
P165G,   -7.73
P165F,   -11.9
P165I,   -5.14
P165H,   -8.99
P165K,   -7.45
P165M,   -6.72
P165L,   -5.81
P165N,   -7.89
P165Q,   -7.81
P165S,   -5.17
P165R,   -5.26
P165T,   0.506
P165W,   -15.2
P165V,   -4.79
P165Y,   -13.8
E166A,   -2.76
E166C,    -7.5
E166D,  -0.761
E166G,   -2.98
E166F,   -5.79
E166I,   -7.86
E166H,   -5.16
E166K,    -4.9
E166M,    -4.8
E166L,   -6.18
E166N,   -5.26
E166Q,    -3.7
E166P,   -5.71
E166S,   -3.62
E166R,   -5.54
E166T,    -4.4
E166W,   -8.43
E166V,    -6.6
E166Y,   -4.54
L167A,   -9.11
L167C,   -10.7
L167E,   -15.1
L167D,   -16.5
L167G,   -12.9
L167F,   -9.08
L167I,   -3.44
L167H,   -16.4
L167K,   -13.7
L167M,   -6.24
L167N,   -15.4
L167Q,   -13.7
L167P,   -13.7
L167S,   -11.6
L167R,   -14.3
L167T,   -10.8
L167W,   -21.6
L167V,   -5.62
L167Y,   -14.9
N168A,   -9.22
N168C,   -10.7
N168E,   -8.07
N168D,   -6.46
N168G,   -7.51
N168F,   -11.4
N168I,   -10.9
N168H,   -6.95
N168K,   -7.88
N168M,   -9.04
N168L,   -9.52
N168Q,   -6.76
N168P,   -11.0
N168S,   -4.74
N168R,   -9.72
N168T,   -6.48
N168W,   -13.5
N168V,    -9.9
N168Y,   -9.34
E169A,   -3.12
E169C,   -7.49
E169D,   -2.79
E169G,   -5.79
E169F,   -6.19
E169I,   -6.13
E169H,   -4.33
E169K,    -4.8
E169M,    -6.1
E169L,   -7.88
E169N,   -3.06
E169Q,   -3.56
E169P,    -7.7
E169S,  0.0809
E169R,   -6.82
E169T,   -3.06
E169W,   -11.4
E169V,   -6.05
E169Y,   -4.29
A170C,   -10.5
A170E,   -10.2
A170D,   -8.06
A170G,    -5.9
A170F,    -9.6
A170I,   -12.5
A170H,   -9.05
A170K,   -10.9
A170M,   -10.8
A170L,   -10.5
A170N,   -9.14
A170Q,   -10.1
A170P,   -6.06
A170S,   -4.05
A170R,   -9.32
A170T,   -6.64
A170W,   -9.92
A170V,   -7.28
A170Y,   -10.0
I171A,   -3.69
I171C,   -3.56
I171E,   -3.04
I171D,   -5.67
I171G,   -5.34
I171F,   -4.66
I171H,   -3.79
I171K,   -1.38
I171M,  -0.152
I171L,    4.25
I171N,   -2.85
I171Q,   -1.72
I171P,   -4.65
I171S,    -2.1
I171R,  -0.944
I171T,   0.322
I171W,   -7.22
I171V,  -0.829
I171Y,   -7.91
P172A,   -4.39
P172C,   -13.2
P172E,   -6.26
P172D,   -5.95
P172G,   -7.75
P172F,   -7.09
P172I,   -9.74
P172H,   -8.36
P172K,   -9.07
P172M,   -8.04
P172L,   -4.89
P172N,   -9.67
P172Q,    -6.2
P172S,   -6.17
P172R,   -8.44
P172T,    -8.3
P172W,   -7.62
P172V,   -7.63
P172Y,   -7.84
N173A,    -2.2
N173C,   -3.99
N173E,    -3.0
N173D,  -0.409
N173G,    1.26
N173F,   -5.51
N173I,   -6.98
N173H,   -2.06
N173K,   -3.26
N173M,   -4.83
N173L,   -7.15
N173Q,   -3.01
N173P,   -5.71
N173S,  -0.916
N173R,   -2.06
N173T,   -1.85
N173W,   -6.01
N173V,   -5.95
N173Y,   -5.53
D174A,   -11.5
D174C,   -18.4
D174E,    -6.0
D174G,   -6.97
D174F,   -16.5
D174I,   -16.9
D174H,   -13.7
D174K,   -15.2
D174M,   -16.6
D174L,   -18.4
D174N,   -7.81
D174Q,   -11.1
D174P,   -14.5
D174S,   -10.5
D174R,   -13.7
D174T,   -11.6
D174W,   -20.1
D174V,   -14.3
D174Y,   -16.0
E175A,   -4.82
E175C,   -8.54
E175D,   -3.99
E175G,   -7.85
E175F,   -6.38
E175I,   -3.67
E175H,   -6.98
E175K,   -4.22
E175M,   -5.46
E175L,   -4.13
E175N,   -7.32
E175Q,   -2.95
E175P,   -2.87
E175S,   -5.15
E175R,   -6.59
E175T,   -4.27
E175W,   -9.13
E175V,   -3.62
E175Y,   -8.21
R176A,   -8.74
R176C,   -10.5
R176E,   -10.7
R176D,   -11.2
R176G,   -10.5
R176F,   -15.3
R176I,   -13.5
R176H,   -6.94
R176K,   -9.02
R176M,   -12.7
R176L,    -8.4
R176N,   -10.8
R176Q,   -8.19
R176P,   -12.9
R176S,   -9.91
R176T,   -9.37
R176W,   -10.5
R176V,   -12.1
R176Y,   -12.9
D177A,   -9.67
D177C,   -10.5
D177E,   -6.06
D177G,   -10.9
D177F,   -15.5
D177I,   -14.4
D177H,   -8.22
D177K,   -15.1
D177M,   -13.5
D177L,   -14.9
D177N,   -5.69
D177Q,   -10.5
D177P,   -17.6
D177S,    -7.3
D177R,   -15.0
D177T,   -9.71
D177W,   -21.6
D177V,   -12.2
D177Y,   -16.8
T178A,   -10.6
T178C,   -10.4
T178E,   -9.87
T178D,   -11.2
T178G,   -10.8
T178F,   -18.7
T178I,    -6.9
T178H,   -12.8
T178K,   -7.96
T178M,   -11.0
T178L,    -8.0
T178N,   -10.1
T178Q,   -9.75
T178P,   -13.4
T178S,   -8.21
T178R,   -9.04
T178W,   -17.7
T178V,   -8.18
T178Y,   -21.3
T179A,   -10.6
T179C,   -9.03
T179E,   -15.2
T179D,   -15.6
T179G,   -10.9
T179F,   -15.3
T179I,    -9.7
T179H,   -15.6
T179K,   -15.4
T179M,   -11.0
T179L,   -10.8
T179N,   -12.3
T179Q,   -15.1
T179P,   -15.0
T179S,    -4.3
T179R,   -10.9
T179W,   -20.6
T179V,   -10.7
T179Y,   -16.5
M180A,   0.553
M180C,   0.514
M180E,   -1.79
M180D,   -1.19
M180G,   0.635
M180F,   -5.03
M180I,   0.744
M180H,   -4.47
M180K,   -3.23
M180L,   -2.42
M180N, -0.0688
M180Q,   -2.52
M180P,  -0.776
M180S,    4.78
M180R,   -2.08
M180T,    8.03
M180W,   -12.2
M180V,   0.588
M180Y,   -8.02
P181A,   -4.85
P181C,   -10.7
P181E,   -10.1
P181D,   -11.2
P181G,   -8.35
P181F,   -12.1
P181I,   -8.63
P181H,   -9.81
P181K,   -11.5
P181M,   -12.1
P181L,   -7.82
P181N,   -10.8
P181Q,   -9.19
P181S,   -6.89
P181R,   -9.61
P181T,   -7.17
P181W,   -14.3
P181V,   -6.65
P181Y,   -11.7
A182C,   -2.54
A182E,    1.33
A182D,   0.744
A182G,   -1.57
A182F,   -1.89
A182I,   -1.83
A182H,  -0.581
A182K,  -0.608
A182M,   -1.77
A182L,    -2.6
A182N,   0.282
A182Q,   0.771
A182P,   -3.91
A182S,  -0.028
A182R,   0.418
A182T,  -0.691
A182W,    -3.9
A182V,   -0.75
A182Y,  -0.748
A183C,    -4.9
A183E,   -4.76
A183D,   -7.54
A183G,   -3.86
A183F,   -7.98
A183I,   -4.81
A183H,   -6.13
A183K,   -4.21
A183M,   -5.35
A183L,   -5.95
A183N,   -6.11
A183Q,    -5.2
A183P,   -9.05
A183S,    -2.2
A183R,   -5.66
A183T,   -2.88
A183W,   -12.2
A183V,   -3.24
A183Y,   -7.52
M184A,   -4.24
M184C,   -9.29
M184E,   -7.15
M184D,   -9.52
M184G,    -8.3
M184F,   -3.03
M184I,    -3.4
M184H,   -8.38
M184K,   -7.35
M184L,   -3.53
M184N,   -7.93
M184Q,   -8.19
M184P,   -9.78
M184S,   -7.11
M184R,   -8.88
M184T,   -4.08
M184W,   -11.1
M184V,    -2.8
M184Y,   -6.45
A185C,   -8.36
A185E,    -5.6
A185D,   -6.48
A185G,   -5.33
A185F,   -10.8
A185I,   -6.53
A185H,   -6.85
A185K,   -6.85
A185M,   -7.08
A185L,   -6.81
A185N,   -5.12
A185Q,   -6.79
A185P,   -6.37
A185S,   -3.98
A185R,   -6.76
A185T,   -3.54
A185W,   -16.6
A185V,   -3.67
A185Y,   -8.66
T186A,  -0.443
T186C,   -3.64
T186E,     1.7
T186D,  -0.203
T186G,   0.275
T186F,   -3.23
T186I,   -2.22
T186H,  0.0708
T186K,   -0.23
T186M,   -1.42
T186L,   -1.62
T186N,   -0.37
T186Q,     1.0
T186P,   -2.04
T186S,  -0.515
T186R,  0.0145
T186W,   -5.68
T186V,   -1.29
T186Y,   -3.31
T187A,   -3.98
T187C,   -10.3
T187E,   -10.4
T187D,   -8.19
T187G,   -4.46
T187F,   -7.77
T187I,   -6.74
T187H,   -12.9
T187K,   -12.2
T187M,    -8.3
T187L,   -8.72
T187N,   -6.49
T187Q,   -14.0
T187P,    -8.6
T187S,   -1.65
T187R,   -12.2
T187W,   -12.9
T187V,   -4.98
T187Y,   -10.4
L188A,   -11.1
L188C,   -8.77
L188E,   -15.8
L188D,   -18.1
L188G,   -14.6
L188F,   -8.16
L188I,   -7.45
L188H,   -14.6
L188K,   -15.4
L188M,   -5.12
L188N,   -17.7
L188Q,   -13.0
L188P,   -14.6
L188S,   -13.6
L188R,   -16.7
L188T,   -10.8
L188W,   -11.3
L188V,   -7.68
L188Y,   -11.8
R189A,    -6.4
R189C,   -8.69
R189E,    -3.1
R189D,   -3.33
R189G,   -4.21
R189F,   -8.64
R189I,   -9.35
R189H,   -1.07
R189K,   -5.28
R189M,    -8.7
R189L,   -7.09
R189N,   -2.67
R189Q,   -2.15
R189P,   -11.3
R189S,   -4.82
R189T,   -6.15
R189W,   -13.5
R189V,   -8.83
R189Y,   -6.55
K190A,    -2.7
K190C,   -12.0
K190E,    -3.4
K190D,   -6.03
K190G,    -4.5
K190F,   -10.1
K190I,   -6.41
K190H,   -3.57
K190M,   -5.75
K190L,   -6.64
K190N,   -2.27
K190Q,   -2.79
K190P,   -9.36
K190S,   -3.33
K190R,   -2.37
K190T,   -2.63
K190W,   -18.6
K190V,   -6.45
K190Y,   -10.7
L191A,   -13.4
L191C,   -12.4
L191E,   -15.0
L191D,   -17.5
L191G,   -17.2
L191F,   -9.72
L191I,   -7.22
L191H,   -13.8
L191K,   -12.0
L191M,   -7.56
L191N,   -16.4
L191Q,   -12.9
L191P,   -16.1
L191S,   -13.9
L191R,   -15.3
L191T,   -12.1
L191W,   -16.0
L191V,   -9.32
L191Y,   -14.4
L192A,   -9.14
L192C,    -7.9
L192E,   -12.3
L192D,   -13.9
L192G,   -12.6
L192F,   -8.06
L192I,    -4.5
L192H,   -12.5
L192K,   -13.6
L192M,   -5.22
L192N,   -15.7
L192Q,   -11.0
L192P,   -13.5
L192S,   -11.5
L192R,   -10.9
L192T,   -6.82
L192W,   -11.7
L192V,   -4.65
L192Y,   -12.4
T193A,   -2.83
T193C,   -4.45
T193E,   -2.47
T193D,   -2.53
T193G,   -5.81
T193F,   -1.49
T193I,   -2.65
T193H,   -6.22
T193K,   -5.98
T193M,   -4.46
T193L,   -2.06
T193N,   -6.54
T193Q,   -5.54
T193P,   -7.25
T193S,   -1.95
T193R,   -8.66
T193W,   -7.86
T193V,   -3.28
T193Y,   -6.54
G194A,   -6.54
G194C,    -8.3
G194E,   -5.11
G194D,   -5.87
G194F,   -12.8
G194I,   -9.24
G194H,    -9.3
G194K,   -8.22
G194M,   -12.2
G194L,   -11.3
G194N,   -6.79
G194Q,   -7.13
G194P,   -9.43
G194S,   -5.09
G194R,   -8.12
G194T,   -6.71
G194W,   -15.5
G194V,   -8.19
G194Y,   -12.9
E195A,    -4.3
E195C,   -7.61
E195D,  -0.622
E195G,   -4.23
E195F,    -8.6
E195I,   -6.25
E195H,   -4.28
E195K,   -3.54
E195M,   -6.72
E195L,   -5.98
E195N,  -0.637
E195Q,   -2.48
E195P,   -3.78
E195S,   -2.36
E195R,   -4.99
E195T,   -3.42
E195W,    -8.3
E195V,   -5.85
E195Y,   -5.84
L196A,  -0.397
L196C,   -2.91
L196E,   -3.29
L196D,   -3.84
L196G,   -2.19
L196F,  -0.865
L196I,   0.763
L196H,   -2.28
L196K,   -4.24
L196M,   -1.86
L196N,   -4.81
L196Q,   -5.29
L196P,   -3.54
L196S,   -1.76
L196R,   -3.72
L196T,  -0.191
L196W,   -2.85
L196V,    1.09
L196Y,   -2.82
L197A,   -9.59
L197C,   -9.59
L197E,   -11.2
L197D,   -12.7
L197G,   -9.76
L197F,   -7.36
L197I,   -5.08
L197H,   -10.6
L197K,   -10.4
L197M,   -5.87
L197N,   -11.0
L197Q,   -10.3
L197P,   -11.5
L197S,   -8.18
L197R,   -9.39
L197T,   -8.52
L197W,   -8.48
L197V,   -6.02
L197Y,   -10.6
T198A,   -3.67
T198C,   -6.47
T198E,   -6.82
T198D,   -7.15
T198G,   -6.64
T198F,   -7.47
T198I,   -6.66
T198H,   -5.44
T198K,   -4.44
T198M,   -4.91
T198L,   -8.24
T198N,   -3.98
T198Q,   -4.96
T198P,   -4.45
T198S,    1.69
T198R,   -7.38
T198W,   -13.5
T198V,   -6.31
T198Y,   -8.17
L199A,    0.18
L199C,    -4.0
L199E,  -0.564
L199D,  -0.611
L199G,  -0.591
L199F,   -4.59
L199I,   -2.59
L199H,   -3.73
L199K,   -2.84
L199M,   -2.82
L199N,   -2.77
L199Q,   -1.82
L199P,    2.28
L199S,   -1.69
L199R,   -2.18
L199T,   -1.55
L199W,    -4.0
L199V,  -0.536
L199Y,   -4.64
A200C,   -6.09
A200E,   -1.85
A200D,   -2.27
A200G,   -2.13
A200F,   -5.07
A200I,   -4.37
A200H,   -3.11
A200K,   -1.68
A200M,   -5.45
A200L,   -5.27
A200N,   -3.24
A200Q,  -0.704
A200P,  -0.251
A200S,   -1.02
A200R,   -2.42
A200T,   -1.57
A200W,   -12.0
A200V,    -3.0
A200Y,   -5.16
S201A,   -5.36
S201C,   -7.82
S201E,   -8.16
S201D,   -8.94
S201G,   -7.12
S201F,   -9.95
S201I,   -11.3
S201H,   -6.39
S201K,    -9.0
S201M,   -11.5
S201L,   -11.5
S201N,    -5.4
S201Q,    -9.2
S201P,   -13.2
S201R,   -10.1
S201T,    -5.9
S201W,   -17.9
S201V,   -10.1
S201Y,   -8.17
R202A,   -6.17
R202C,   -4.83
R202E,   -5.45
R202D,   -8.25
R202G,   -7.67
R202F,   -9.93
R202I,   -8.06
R202H,   -6.19
R202K,    -2.0
R202M,   -8.44
R202L,   -8.15
R202N,   -5.88
R202Q,   -1.92
R202P,   -10.6
R202S,   -7.06
R202T,   -5.78
R202W,   -12.3
R202V,   -7.02
R202Y,   -8.76
Q203A,   -1.81
Q203C,   -8.23
Q203E,   -1.76
Q203D,   -2.84
Q203G,   -5.29
Q203F,    -5.2
Q203I,    -6.4
Q203H,   -1.14
Q203K,   0.697
Q203M,   -4.14
Q203L,   -6.15
Q203N,   -1.45
Q203P,    -7.6
Q203S,   -2.61
Q203R,  -0.359
Q203T,   -2.49
Q203W,   -8.38
Q203V,   -6.16
Q203Y,   -4.59
Q204A,   -8.01
Q204C,   -9.25
Q204E,   -5.35
Q204D,   -9.27
Q204G,   -8.77
Q204F,   -8.81
Q204I,   -4.39
Q204H,   -5.29
Q204K,   -3.94
Q204M,   -6.51
Q204L,   -3.87
Q204N,   -7.26
Q204P,   -11.4
Q204S,   -8.43
Q204R,   -6.22
Q204T,   -5.31
Q204W,   -12.7
Q204V,   -6.51
Q204Y,   -6.94
L205A,   -13.4
L205C,   -14.1
L205E,   -18.1
L205D,   -20.0
L205G,   -21.2
L205F,   -5.77
L205I,   -7.57
L205H,   -13.3
L205K,   -15.6
L205M,   -8.03
L205N,   -18.4
L205Q,   -13.9
L205P,   -16.8
L205S,   -15.9
L205R,   -17.5
L205T,   -13.3
L205W,   -13.5
L205V,   -10.5
L205Y,   -14.1
I206A,   -2.82
I206C,    -5.6
I206E,   -4.16
I206D,   -6.11
I206G,   -4.45
I206F,   -6.71
I206H,   -3.37
I206K,  -0.866
I206M,   -2.74
I206L,   -1.73
I206N,   -4.44
I206Q,   -1.99
I206P,   -7.12
I206S,   -3.19
I206R,   -1.82
I206T,   -0.79
I206W,   -9.73
I206V,   -2.82
I206Y,   -9.09
D207A,   -1.21
D207C,   -3.97
D207E,  0.0153
D207G,    -1.1
D207F,   -5.39
D207I,    -3.6
D207H,  -0.483
D207K,   -2.65
D207M,   -3.27
D207L,   -2.45
D207N,  -0.594
D207Q,  -0.568
D207P,   -5.68
D207S,   0.495
D207R,    -1.1
D207T,    0.38
D207W,   -9.12
D207V,   -3.18
D207Y,   -5.76
W208A,   -14.6
W208C,   -15.4
W208E,   -14.3
W208D,   -12.3
W208G,   -18.1
W208F,   -13.0
W208I,   -16.6
W208H,   -12.1
W208K,   -18.0
W208M,   -13.8
W208L,   -12.0
W208N,   -15.6
W208Q,   -13.8
W208P,   -12.5
W208S,   -15.4
W208R,   -14.2
W208T,   -14.0
W208V,   -15.3
W208Y,   -13.1
M209A,   -8.48
M209C,   -12.5
M209E,   -12.8
M209D,   -11.8
M209G,   -10.6
M209F,   -11.2
M209I,   -9.62
M209H,   -13.4
M209K,   -10.3
M209L,   -6.34
M209N,   -12.5
M209Q,   -11.5
M209P,   -12.3
M209S,   -9.48
M209R,   -12.3
M209T,   -7.32
M209W,   -15.7
M209V,   -11.1
M209Y,   -14.8
E210A,  0.0778
E210C,   -2.89
E210D,   -4.46
E210G,   0.117
E210F,   -6.89
E210I,   -1.31
E210H,   -4.19
E210K,  -0.791
E210M,   -4.93
E210L,   -4.21
E210N,   -4.63
E210Q,   -1.44
E210P,    -6.5
E210S,   -1.57
E210R,   -1.07
E210T,   -2.32
E210W,    -8.0
E210V,   -1.56
E210Y,   -6.11
A211C,   -5.61
A211E,   -3.44
A211D,    -1.6
A211G,  -0.909
A211F,   -9.24
A211I,    -6.5
A211H,   -3.81
A211K,   -4.12
A211M,   -6.18
A211L,   -6.66
A211N,   -2.07
A211Q,   -3.78
A211P,   -5.28
A211S,   -3.19
A211R,   -5.77
A211T,   -4.51
A211W,    -8.2
A211V,    -5.1
A211Y,   -7.96
D212A,   -6.39
D212C,   -7.53
D212E,   -5.63
D212G,   -5.71
D212F,   -11.3
D212I,   -12.6
D212H,   -6.95
D212K,   -8.96
D212M,   -12.2
D212L,   -13.1
D212N,   -3.98
D212Q,   -8.13
D212P,   -6.63
D212S,   -5.47
D212R,   -9.71
D212T,   -8.29
D212W,   -12.7
D212V,   -9.02
D212Y,   -10.0
K213A,   -5.08
K213C,   -11.3
K213E,   -5.91
K213D,   -9.47
K213G,   -7.47
K213F,   -11.9
K213I,   -7.25
K213H,   -6.34
K213M,   -7.51
K213L,   -7.52
K213N,   -7.25
K213Q,    -2.5
K213P,   -6.79
K213S,   -6.32
K213R,   -4.97
K213T,   -5.02
K213W,   -17.8
K213V,    -7.1
K213Y,   -13.0
V214A,   -10.4
V214C,   -13.7
V214E,   -11.6
V214D,   -14.4
V214G,   -11.2
V214F,   -5.83
V214I,    -1.1
V214H,   -9.36
V214K,   -9.82
V214M,   -7.94
V214L,   -3.38
V214N,    -8.5
V214Q,   -12.0
V214P,   -9.73
V214S,   -12.4
V214R,    -7.5
V214T,   -8.53
V214W,   -19.1
V214Y,   -6.03
A215C,   -12.9
A215E,   -11.4
A215D,   -12.4
A215G,    -2.8
A215F,   -16.0
A215I,   -11.6
A215H,   -15.6
A215K,   -14.5
A215M,   -11.1
A215L,   -11.6
A215N,   -12.8
A215Q,   -14.2
A215P,   -8.12
A215S,    -6.2
A215R,   -13.7
A215T,    -7.9
A215W,   -16.6
A215V,   -7.14
A215Y,   -14.7
G216A,   -5.23
G216C,   -9.17
G216E,    -4.8
G216D,   -1.71
G216F,   -9.83
G216I,   -9.74
G216H,   -6.87
G216K,   -8.08
G216M,   -9.54
G216L,   -8.94
G216N,    -4.6
G216Q,   -5.99
G216P,   -8.41
G216S,   -4.95
G216R,   -6.34
G216T,   -6.02
G216W,   -13.4
G216V,   -8.43
G216Y,   -8.59
P217A,   -2.54
P217C,   -8.93
P217E,   -1.89
P217D,   -1.09
P217G,   -4.89
P217F,   -7.92
P217I,   -8.35
P217H,   -5.14
P217K,   -4.06
P217M,   -7.29
P217L,   -7.44
P217N,   -4.53
P217Q,   -4.24
P217S,   -4.17
P217R,   -6.49
P217T,   -4.57
P217W,   -5.15
P217V,   -6.71
P217Y,   -5.67
L218A,   -13.0
L218C,   -11.0
L218E,   -14.0
L218D,   -15.1
L218G,   -15.6
L218F,   -13.2
L218I,   -8.83
L218H,   -13.5
L218K,   -11.3
L218M,   -6.74
L218N,   -14.1
L218Q,   -11.3
L218P,   -16.8
L218S,   -14.9
L218R,   -10.3
L218T,   -10.5
L218W,   -16.0
L218V,   -11.3
L218Y,   -19.2
L219A,   -11.1
L219C,   -11.1
L219E,   -11.4
L219D,   -16.3
L219G,   -14.9
L219F,   -4.15
L219I,  -0.121
L219H,   -12.1
L219K,   -10.3
L219M,   -5.02
L219N,   -13.0
L219Q,   -11.5
L219P,   -10.1
L219S,   -11.6
L219R,   -11.9
L219T,   -9.89
L219W,   -14.0
L219V,   -4.85
L219Y,   -9.55
R220A,   -5.32
R220C,   -8.64
R220E,   -10.7
R220D,   -11.1
R220G,   -8.62
R220F,   -14.1
R220I,   -10.5
R220H,    -6.7
R220K,   -5.14
R220M,   -12.7
R220L,    -9.5
R220N,   -11.9
R220Q,   -7.51
R220P,   -6.88
R220S,   -8.35
R220T,    -6.5
R220W,   -15.5
R220V,   -6.74
R220Y,   -12.1
S221A,   -2.94
S221C,   -8.28
S221E,   -5.86
S221D,   -5.46
S221G,   -6.13
S221F,   -4.74
S221I,   -7.41
S221H,   -4.17
S221K,   -1.91
S221M,   -8.14
S221L,   -7.45
S221N,   -5.79
S221Q,   -5.26
S221P,   -4.25
S221R,   -5.58
S221T,   -2.28
S221W,   -13.1
S221V,   -6.17
S221Y,   -5.58
A222C,   -4.21
A222E,   -3.39
A222D,   -5.11
A222G,   -3.64
A222F,   -4.49
A222I,  -0.928
A222H,   -4.27
A222K,   -5.13
A222M,    -3.3
A222L,   -1.81
A222N,   -4.97
A222Q,   -5.58
A222P,  -0.995
A222S,    -1.1
A222R,   -4.12
A222T,   -1.26
A222W,   -9.31
A222V,    1.67
A222Y,   -5.67
L223A,   -8.01
L223C,   -9.62
L223E,   -14.2
L223D,   -15.2
L223G,   -15.4
L223F,   -9.13
L223I,   -6.46
L223H,   -13.6
L223K,   -13.9
L223M,   -6.86
L223N,   -16.1
L223Q,   -12.0
L223P,   -13.9
L223S,   -11.8
L223R,   -14.2
L223T,   -11.6
L223W,   -12.2
L223V,   -6.01
L223Y,   -14.2
P224A,   -5.77
P224C,   -10.9
P224E,   -7.24
P224D,   -6.35
P224G,   -7.15
P224F,   -11.2
P224I,   -12.4
P224H,   -6.68
P224K,   -7.97
P224M,   -10.7
P224L,   -7.48
P224N,   -8.31
P224Q,   -6.27
P224S,   -6.95
P224R,   -6.02
P224T,   -7.44
P224W,   -13.7
P224V,   -9.92
P224Y,   -12.6
A225C,   -5.55
A225E,  -0.753
A225D,   -0.29
A225G,   -1.87
A225F,   -4.28
A225I,   -5.86
A225H,  -0.903
A225K,   0.218
A225M,   -4.33
A225L,   -4.77
A225N,    -1.3
A225Q,   0.131
A225P,   -2.34
A225S,   -1.07
A225R,  -0.767
A225T,  -0.716
A225W,   -7.72
A225V,   -3.35
A225Y,   -4.72
G226A,   -6.75
G226C,   -9.31
G226E,    -4.7
G226D,   -1.17
G226F,   -8.21
G226I,   -9.32
G226H,   -5.72
G226K,   -8.86
G226M,   -11.7
G226L,   -10.1
G226N,   -4.31
G226Q,   -8.05
G226P,   -8.48
G226S,   -5.18
G226R,   -7.93
G226T,   -7.04
G226W,   -13.4
G226V,   -8.61
G226Y,   -10.1
W227A,   -13.2
W227C,   -16.1
W227E,   -15.6
W227D,   -15.6
W227G,   -17.8
W227F,   -12.8
W227I,   -17.8
W227H,   -16.1
W227K,   -19.4
W227M,   -16.4
W227L,   -15.4
W227N,   -17.1
W227Q,   -17.9
W227P,   -17.1
W227S,   -14.5
W227R,   -18.5
W227T,   -16.3
W227V,   -16.6
W227Y,   -11.4
F228A,   -5.52
F228C,    -5.5
F228E,   -7.62
F228D,   -8.83
F228G,   -6.61
F228I,   -3.68
F228H,   -1.71
F228K,   -3.18
F228M,   -6.75
F228L,   -4.57
F228N,   -5.04
F228Q,   -3.93
F228P,   -8.67
F228S,   -4.01
F228R,   -2.72
F228T,   -3.03
F228W,   -8.07
F228V,   -4.67
F228Y,  -0.964
I229A,   -8.08
I229C,    -9.3
I229E,   -12.4
I229D,   -14.9
I229G,   -9.83
I229F,   -7.62
I229H,   -13.3
I229K,   -14.1
I229M,   -5.42
I229L,   -2.36
I229N,   -11.9
I229Q,   -12.5
I229P,   -14.6
I229S,   -7.79
I229R,   -13.7
I229T,   -7.05
I229W,   -14.5
I229V,   -4.55
I229Y,   -13.6
A230C,   -11.9
A230E,   -8.56
A230D,   -10.7
A230G,   -5.13
A230F,   -9.89
A230I,   -10.4
A230H,   -11.2
A230K,   -9.87
A230M,   -11.7
A230L,   -8.77
A230N,   -11.6
A230Q,   -10.7
A230P,   -10.0
A230S,   -7.03
A230R,   -10.4
A230T,   -7.71
A230W,   -11.2
A230V,   -7.97
A230Y,   -9.85
D231A,   -13.1
D231C,   -16.8
D231E,   -6.69
D231G,   -12.0
D231F,   -19.4
D231I,   -22.1
D231H,   -11.5
D231K,   -16.1
D231M,   -19.3
D231L,   -20.4
D231N,   -9.77
D231Q,   -13.0
D231P,   -18.3
D231S,   -11.1
D231R,   -17.8
D231T,   -14.0
D231W,   -26.3
D231V,   -18.9
D231Y,   -18.2
K232A,   -10.9
K232C,   -14.8
K232E,   -11.3
K232D,   -15.4
K232G,   -11.6
K232F,   -18.4
K232I,   -11.2
K232H,   -11.3
K232M,   -11.4
K232L,   -12.8
K232N,   -11.3
K232Q,    -9.3
K232P,   -17.6
K232S,   -10.3
K232R,   -6.46
K232T,   -10.1
K232W,   -18.8
K232V,   -12.0
K232Y,   -17.1
S233A,    -6.4
S233C,   -5.88
S233E,   -8.91
S233D,   -5.41
S233G,   -9.28
S233F,   -11.7
S233I,   -11.8
S233H,   -9.32
S233K,   -9.82
S233M,   -10.4
S233L,    -7.7
S233N,   -4.47
S233Q,    -8.2
S233P,   -4.69
S233R,   -8.15
S233T,   -1.17
S233W,   -13.4
S233V,   -8.98
S233Y,   -13.1
G234A,   -10.1
G234C,   -16.0
G234E,   -11.8
G234D,   -11.6
G234F,   -16.3
G234I,   -16.5
G234H,   -14.6
G234K,   -15.4
G234M,   -17.1
G234L,   -16.3
G234N,   -10.6
G234Q,   -14.1
G234P,   -17.6
G234S,   -10.9
G234R,   -15.1
G234T,   -12.9
G234W,   -19.9
G234V,   -13.6
G234Y,   -16.7
A235C,   -9.42
A235E,   -7.43
A235D,   -9.36
A235G,   -5.03
A235F,   -12.2
A235I,   -9.89
A235H,   -7.57
A235K,   -8.23
A235M,   -9.17
A235L,   -10.4
A235N,   -8.33
A235Q,   -8.07
A235P,   -11.9
A235S,   -3.59
A235R,   -6.17
A235T,   -4.71
A235W,   -14.1
A235V,   -6.64
A235Y,   -11.5
G236A,   -6.84
G236C,   -10.1
G236E,   -10.3
G236D,   -7.04
G236F,   -11.5
G236I,   -10.4
G236H,   -8.86
G236K,   -10.9
G236M,   -11.1
G236L,   -11.0
G236N,   -4.82
G236Q,   -11.7
G236P,   -9.45
G236S,   -6.97
G236R,    -9.8
G236T,   -10.3
G236W,   -15.0
G236V,   -7.94
G236Y,   -12.9
E237A,    -1.7
E237C,   -5.21
E237D,  -0.742
E237G,     3.1
E237F,   -3.72
E237I,   -5.06
E237H,   -3.66
E237K,   -1.63
E237M,   -3.91
E237L,   -5.42
E237N,   -0.87
E237Q,   -1.99
E237P,   -6.08
E237S,    -1.5
E237R,   -2.74
E237T,   -3.62
E237W,    -6.4
E237V,   -4.53
E237Y,   -4.73
G239A,   -8.76
G239C,   -13.4
G239E,   -5.71
G239D,    -5.1
G239F,   -14.6
G239I,   -12.7
G239H,   -11.7
G239K,   -11.9
G239M,   -15.0
G239L,   -14.7
G239N,   -8.64
G239Q,   -9.71
G239P,   -11.1
G239S,   -9.13
G239R,   -13.5
G239T,   -9.13
G239W,   -21.1
G239V,   -11.5
G239Y,   -14.1
S240A,   -3.36
S240C,   -9.09
S240E,   -8.09
S240D,   -9.14
S240G,   -7.96
S240F,   -11.1
S240I,   -8.14
S240H,   -13.2
S240K,   -13.2
S240M,   -9.24
S240L,   -10.6
S240N,   -8.95
S240Q,   -11.9
S240P,   -8.85
S240R,   -13.5
S240T,   -2.99
S240W,   -18.2
S240V,   -7.18
S240Y,   -11.4
R241A,   -5.18
R241C,   -6.99
R241E,   -7.76
R241D,    -8.6
R241G,   -7.98
R241F,   -13.6
R241I,   -9.09
R241H,   -5.47
R241K,   -5.19
R241M,   -11.4
R241L,   -10.7
R241N,   -6.84
R241Q,   -6.49
R241P,   -14.5
R241S,   -6.37
R241T,   -4.78
R241W,   -14.2
R241V,   -6.32
R241Y,   -12.7
G242A,   -5.78
G242C,   -10.8
G242E,   -8.98
G242D,   -5.94
G242F,   -14.7
G242I,   -11.5
G242H,   -10.3
G242K,   -11.2
G242M,   -8.14
G242L,   -8.35
G242N,   -6.09
G242Q,   -10.4
G242P,   -11.0
G242S,   -5.76
G242R,   -11.1
G242T,   -6.57
G242W,   -21.4
G242V,   -8.77
G242Y,   -18.9
I243A,   -9.22
I243C,   -11.5
I243E,   -10.0
I243D,   -14.8
I243G,   -14.3
I243F,   -8.85
I243H,   -11.9
I243K,   -14.6
I243M,   -7.53
I243L,   -6.09
I243N,   -12.3
I243Q,   -13.6
I243P,   -19.4
I243S,   -10.1
I243R,   -16.6
I243T,   -8.66
I243W,   -20.2
I243V,   -3.22
I243Y,   -13.7
I244A,   -5.27
I244C,   -12.6
I244E,   -9.53
I244D,   -12.3
I244G,   -10.9
I244F,   -11.8
I244H,   -12.9
I244K,   -12.6
I244M,   -6.94
I244L,   -6.61
I244N,   -10.3
I244Q,   -11.9
I244P,   -14.8
I244S,   -9.79
I244R,   -13.6
I244T,   -5.89
I244W,   -18.1
I244V,   -1.24
I244Y,   -13.1
A245C,   -15.5
A245E,   -12.0
A245D,   -12.8
A245G,   -7.85
A245F,   -13.9
A245I,   -15.5
A245H,   -14.0
A245K,   -14.9
A245M,   -12.5
A245L,   -11.9
A245N,   -14.5
A245Q,   -13.6
A245P,   -12.9
A245S,   -5.29
A245R,   -12.7
A245T,   -8.62
A245W,   -21.3
A245V,   -11.0
A245Y,   -14.5
A246C,    -4.7
A246E,   -6.66
A246D,    -9.3
A246G,   -4.49
A246F,   -4.31
A246I,    -2.9
A246H,   -8.07
A246K,   -10.4
A246M,   -2.37
A246L,   -2.02
A246N,   -11.9
A246Q,   -7.78
A246P,   -5.27
A246S,   -3.37
A246R,   -10.1
A246T,   -2.42
A246W,   -6.86
A246V,   -1.16
A246Y,   -7.39
L247A,   -8.84
L247C,    -8.2
L247E,   -12.6
L247D,   -17.1
L247G,   -12.4
L247F,   -8.32
L247I,   -2.73
L247H,   -10.8
L247K,   -9.65
L247M,    -1.9
L247N,   -13.9
L247Q,   -9.04
L247P,   -12.9
L247S,   -11.2
L247R,   -9.75
L247T,   -5.22
L247W,   -12.0
L247V,   -2.84
L247Y,   -11.0
G248A,   -5.64
G248C,   -5.85
G248E,   -5.71
G248D,   -7.08
G248F,    -8.1
G248I,   -3.65
G248H,   -6.32
G248K,   -6.56
G248M,   -8.12
G248L,   -5.45
G248N,   -5.56
G248Q,   -7.23
G248P,   -9.25
G248S,   -6.27
G248R,   -6.36
G248T,   -4.16
G248W,   -11.6
G248V,   -5.46
G248Y,   -6.39
P249A,   -3.87
P249C,   -8.87
P249E,    -7.2
P249D,   -5.21
P249G,   -2.71
P249F,   -12.4
P249I,   -11.0
P249H,   -8.29
P249K,   -8.28
P249M,   -13.0
P249L,   -9.43
P249N,   -9.55
P249Q,   -7.13
P249S,    -4.4
P249R,   -4.66
P249T,   -5.88
P249W,   -16.8
P249V,   -7.72
P249Y,   -13.1
D250A,   -5.79
D250C,   -9.72
D250E,   -1.67
D250G,   -3.83
D250F,   -8.71
D250I,   -10.7
D250H,   -6.11
D250K,   -4.89
D250M,   -8.23
D250L,   -6.96
D250N,   -4.94
D250Q,    -4.7
D250P,   -5.85
D250S,   -5.71
D250R,   -5.18
D250T,   -6.32
D250W,   -4.22
D250V,   -9.28
D250Y,   -7.82
G251A,   -6.92
G251C,   -10.2
G251E,   -4.06
G251D,   -3.37
G251F,   -8.17
G251I,   -9.06
G251H,   -6.38
G251K,   -7.67
G251M,   -11.9
G251L,   -8.23
G251N,   -5.05
G251Q,   -4.76
G251P,   -7.49
G251S,   -5.81
G251R,   -6.52
G251T,    -7.3
G251W,   -14.2
G251V,   -8.14
G251Y,   -8.31
K252A,   -1.19
K252C,   -4.42
K252E,  -0.416
K252D,   -1.55
K252G,   -1.64
K252F,   -6.24
K252I,   -4.89
K252H,   -1.51
K252M,   -6.34
K252L,   -4.97
K252N,   -1.73
K252Q,  -0.349
K252P,   -4.72
K252S,  -0.868
K252R,  -0.615
K252T,  -0.695
K252W,   -12.4
K252V,    -3.7
K252Y,   -7.63
P253A,   -2.34
P253C,   -10.3
P253E,    -2.7
P253D,   -5.73
P253G,   -3.78
P253F,   -10.2
P253I,   -7.26
P253H,   -5.98
P253K,   -4.07
P253M,   -9.33
P253L,   -7.95
P253N,   -5.95
P253Q,   -4.13
P253S,   -3.46
P253R,   -2.99
P253T,   -5.23
P253W,   -13.0
P253V,   -4.89
P253Y,   -7.79
S254A,   -2.92
S254C,   -5.32
S254E,   -1.09
S254D,   -2.43
S254G,    -4.1
S254F,   -5.93
S254I,   -3.91
S254H,   -3.88
S254K,    -1.6
S254M,   -3.24
S254L,   -2.03
S254N,   -1.91
S254Q,   -1.27
S254P,   -2.07
S254R,   -4.45
S254T,  -0.742
S254W,   -9.67
S254V,   -3.13
S254Y,   -6.34
R255A,   -6.37
R255C,   -7.74
R255E,   -7.85
R255D,   -10.5
R255G,    -8.8
R255F,   -9.75
R255I,   -7.21
R255H,   -4.61
R255K,   -5.78
R255M,   -7.91
R255L,   -5.42
R255N,   -7.14
R255Q,   -6.99
R255P,   -9.74
R255S,   -8.27
R255T,   -8.46
R255W,    -9.5
R255V,   -6.32
R255Y,   -8.31
I256A,   -7.49
I256C,   -8.87
I256E,   -11.1
I256D,   -13.4
I256G,   -9.73
I256F,    -7.2
I256H,   -10.8
I256K,   -10.7
I256M,   -4.98
I256L,   -5.38
I256N,   -10.4
I256Q,   -11.5
I256P,   -12.4
I256S,   -7.98
I256R,   -10.6
I256T,   -6.28
I256W,   -15.0
I256V,   -3.06
I256Y,   -11.3
V257A,   -2.16
V257C,   -9.72
V257E,    -8.9
V257D,   -11.4
V257G,   -7.92
V257F,   -11.0
V257I,   -4.23
V257H,   -11.2
V257K,   -10.1
V257M,   -4.67
V257L,   -7.38
V257N,   -9.24
V257Q,   -11.0
V257P,   -8.86
V257S,    -6.7
V257R,   -12.2
V257T,   -4.95
V257W,   -12.3
V257Y,   -9.03
V258A,   -2.91
V258C,   -3.53
V258E,   -7.61
V258D,   -10.7
V258G,   -5.46
V258F,   -9.68
V258I,   -2.42
V258H,   -9.08
V258K,   -8.97
V258M,   -6.69
V258L,   -6.89
V258N,   -8.13
V258Q,   -8.97
V258P,   -8.52
V258S,   -3.97
V258R,   -11.6
V258T,    -4.7
V258W,   -17.7
V258Y,   -9.74
I259A,   -4.71
I259C,   -8.72
I259E,   -13.8
I259D,   -16.0
I259G,   -12.2
I259F,   -6.42
I259H,   -11.7
I259K,   -14.6
I259M,   -6.34
I259L,   -5.89
I259N,   -13.2
I259Q,   -14.3
I259P,   -15.3
I259S,   -8.84
I259R,   -14.0
I259T,    -8.7
I259W,   -15.9
I259V,   -1.99
I259Y,   -11.9
Y260A,   -11.7
Y260C,   -12.7
Y260E,   -14.3
Y260D,   -16.9
Y260G,   -16.7
Y260F,   -3.38
Y260I,   -13.7
Y260H,   -8.49
Y260K,   -13.1
Y260M,   -11.2
Y260L,   -8.31
Y260N,   -12.8
Y260Q,   -10.1
Y260P,   -13.5
Y260S,   -13.2
Y260R,   -10.6
Y260T,   -11.6
Y260W,   -9.24
Y260V,   -14.1
T261A,   -4.52
T261C,   -5.69
T261E,   -8.06
T261D,   -13.5
T261G,   -9.83
T261F,   -7.72
T261I,   0.925
T261H,   -12.4
T261K,   -11.2
T261M,   0.292
T261L,    3.53
T261N,   -8.65
T261Q,   -7.53
T261P,   -11.9
T261S,    -2.5
T261R,   -12.6
T261W,   -18.1
T261V,   0.331
T261Y,   -11.2
T262A,   -7.48
T262C,   -8.78
T262E,   -7.14
T262D,   -9.62
T262G,   -10.0
T262F,   -12.5
T262I,   -5.85
T262H,   -9.82
T262K,   -7.41
T262M,   -7.66
T262L,   -7.49
T262N,   -6.32
T262Q,   -9.62
T262P,   -13.8
T262S,   -4.58
T262R,   -6.99
T262W,   -13.8
T262V,   -6.24
T262Y,   -12.7
G263A,  -0.859
G263C,   -7.41
G263E,   0.538
G263D,   0.376
G263F,   -7.55
G263I,   -5.47
G263H,   -3.79
G263K,   -1.75
G263M,   -5.68
G263L,   -6.46
G263N,   -2.15
G263Q,   -2.72
G263P,    -3.5
G263S,   -3.53
G263R,   -4.02
G263T,   -1.84
G263W,   -7.21
G263V,   -4.38
G263Y,   -6.32
S264A,   -5.27
S264C,   -7.92
S264E,   -6.09
S264D,   -5.73
S264G,   -5.73
S264F,    -7.8
S264I,   -8.19
S264H,   -5.28
S264K,    -4.5
S264M,   -6.89
S264L,   -7.26
S264N,  -0.292
S264Q,   -5.35
S264P,   -6.18
S264R,   -6.11
S264T,   -1.41
S264W,   -14.1
S264V,   -7.41
S264Y,   -8.97
Q265A,   -1.14
Q265C,   -6.93
Q265E,     0.2
Q265D,   0.377
Q265G,   -4.31
Q265F,   -5.03
Q265I,   -4.35
Q265H,   -2.33
Q265K,   0.591
Q265M,   -3.27
Q265L,   -1.77
Q265N,  -0.457
Q265P,   -2.32
Q265S,   -1.54
Q265R,   -1.01
Q265T,   -1.03
Q265W,   -7.88
Q265V,   -3.68
Q265Y,   -4.88
A266C,   -11.1
A266E,   -6.43
A266D,   -7.77
A266G,   -7.71
A266F,   -10.3
A266I,   -7.73
A266H,   -5.62
A266K,   -6.56
A266M,   -9.17
A266L,   -7.15
A266N,   -7.67
A266Q,   -5.59
A266P,    -9.9
A266S,   -5.46
A266R,   -5.58
A266T,   -5.47
A266W,   -15.8
A266V,   -5.95
A266Y,   -9.15
T267A,   0.313
T267C,   -6.49
T267E, -0.0909
T267D,  -0.362
T267G,   -2.27
T267F,    -4.9
T267I,   -5.51
T267H,    -2.3
T267K,  -0.521
T267M,   -3.03
T267L,   -4.19
T267N,   0.745
T267Q,   0.005
T267P,   -1.72
T267S,    1.56
T267R,   -1.23
T267W,   -8.72
T267V,    -3.0
T267Y,   -4.57
M268A,   -9.53
M268C,    -9.4
M268E,   -9.12
M268D,   -11.1
M268G,   -10.6
M268F,    -6.0
M268I,   -4.44
M268H,   -12.5
M268K,   -7.74
M268L,   -1.84
M268N,   -10.9
M268Q,   -7.43
M268P,   -10.5
M268S,   -8.05
M268R,   -10.8
M268T,   -7.46
M268W,   -12.3
M268V,   -5.73
M268Y,   -11.8
D269A,   -4.33
D269C,   -8.99
D269E,   0.215
D269G,   -4.73
D269F,   -5.32
D269I,   -3.83
D269H,   -5.82
D269K,   -2.51
D269M,   -5.29
D269L,   -5.17
D269N,   -1.81
D269Q,   -2.19
D269P,   -5.46
D269S,   -3.04
D269R,   -6.62
D269T,   -2.57
D269W,   -10.4
D269V,    -3.9
D269Y,   -5.06
E270A,   -3.56
E270C,   -7.98
E270D,   -3.47
E270G,    -5.5
E270F,   -7.53
E270I,    -4.6
E270H,    -4.7
E270K,   -2.39
E270M,   -6.58
E270L,   -5.39
E270N,   -4.43
E270Q,   -1.46
E270P,   -3.89
E270S,   -3.66
E270R,   -4.48
E270T,   -4.66
E270W,   -13.0
E270V,    -3.4
E270Y,   -7.34
R271A,   -5.69
R271C,    -7.0
R271E,   -9.05
R271D,   -8.41
R271G,   -8.68
R271F,   -12.1
R271I,   -8.75
R271H,   -4.79
R271K,   -5.26
R271M,   -10.8
R271L,   -6.44
R271N,   -7.34
R271Q,    -4.7
R271P,    -7.2
R271S,   -6.26
R271T,   -9.26
R271W,   -11.2
R271V,   -7.82
R271Y,   -11.9
N272A,   -10.3
N272C,   -10.1
N272E,   -6.22
N272D,   -6.14
N272G,   -10.3
N272F,   -12.3
N272I,   -13.1
N272H,   -4.69
N272K,   -6.12
N272M,   -8.42
N272L,    -9.3
N272Q,    -5.0
N272P,   -13.4
N272S,   -5.76
N272R,   -6.46
N272T,   -9.05
N272W,   -14.0
N272V,   -12.2
N272Y,   -7.92
R273A,   -2.07
R273C,   -8.63
R273E,   -3.86
R273D,   -7.92
R273G,   -5.93
R273F,   -6.95
R273I,   -7.28
R273H,    -4.5
R273K,    0.33
R273M,   -7.02
R273L,   -5.52
R273N,    -5.6
R273Q,    -1.2
R273P,   -7.46
R273S,   -3.53
R273T,   -4.74
R273W,   -10.4
R273V,   -7.53
R273Y,   -7.82
Q274A,   -2.67
Q274C,   -1.61
Q274E,   -4.42
Q274D,   -4.65
Q274G,   -4.36
Q274F,    -3.5
Q274I,   -3.81
Q274H,  -0.742
Q274K,    1.16
Q274M,   -2.42
Q274L,   -1.52
Q274N,    -1.1
Q274P,   -3.99
Q274S,   -4.16
Q274R,   0.814
Q274T,   -3.75
Q274W,   -1.19
Q274V,   -3.97
Q274Y,   -1.69
I275A,   -9.06
I275C,   -9.94
I275E,   -15.8
I275D,   -16.3
I275G,   -10.7
I275F,   -9.47
I275H,   -11.8
I275K,   -16.1
I275M,   -10.4
I275L,    -9.4
I275N,   -14.6
I275Q,   -16.3
I275P,   -13.9
I275S,   -11.0
I275R,   -16.0
I275T,   -10.5
I275W,   -23.1
I275V,   -3.36
I275Y,   -14.2
A276C,   -9.88
A276E,   -8.02
A276D,   -11.3
A276G,   -4.78
A276F,   -13.2
A276I,   -8.19
A276H,   -9.87
A276K,   -8.05
A276M,   -10.5
A276L,    -9.5
A276N,   -9.32
A276Q,    -9.1
A276P,   -12.9
A276S,   -5.44
A276R,    -5.9
A276T,   -5.94
A276W,   -23.2
A276V,   -4.83
A276Y,   -13.0
E277A,  -0.961
E277C,    -5.9
E277D,  -0.716
E277G, -0.0784
E277F,   -6.95
E277I,   -5.87
E277H,   -2.56
E277K,  -0.548
E277M,   -5.65
E277L,   -5.17
E277N,   -1.68
E277Q,  -0.951
E277P,   -7.37
E277S,   -2.21
E277R,   -1.57
E277T,   -2.61
E277W,   -14.6
E277V,   -5.02
E277Y,    -6.2
I278A,   -7.45
I278C,    -8.6
I278E,   -16.6
I278D,   -21.8
I278G,   -12.9
I278F,   -8.14
I278H,   -11.7
I278K,   -15.0
I278M,   -7.11
I278L,   -3.27
I278N,   -15.8
I278Q,   -14.5
I278P,   -14.2
I278S,   -11.4
I278R,   -12.4
I278T,   -6.29
I278W,   -18.6
I278V,   -4.98
I278Y,   -10.2
G279A,   -11.6
G279C,   -18.6
G279E,   -13.7
G279D,   -13.1
G279F,   -15.2
G279I,   -16.9
G279H,   -18.0
G279K,   -19.7
G279M,   -14.6
G279L,   -13.4
G279N,   -15.2
G279Q,   -16.4
G279P,   -16.1
G279S,   -14.1
G279R,   -17.9
G279T,   -14.6
G279W,   -17.1
G279V,   -13.8
G279Y,   -16.3
A280C,   -6.66
A280E,   -2.28
A280D,   -4.42
A280G,    -4.4
A280F,   -10.6
A280I,   -6.08
A280H,   -4.15
A280K,   -2.14
A280M,   -8.11
A280L,   -6.07
A280N,   -5.82
A280Q,   -3.13
A280P,   -4.39
A280S,   -2.42
A280R,   -1.75
A280T,   -3.22
A280W,   -12.4
A280V,   -5.02
A280Y,   -8.08
S281A,     2.3
S281C,   -5.48
S281E,  -0.532
S281D,   -3.98
S281G,   -4.71
S281F,   -7.15
S281I,   -3.02
S281H,   -5.51
S281K,   -4.83
S281M,   -1.96
S281L,   -2.94
S281N,   -4.13
S281Q,   -2.66
S281P,   -4.93
S281R,   -5.41
S281T,    -1.3
S281W,   -7.41
S281V,   -2.43
S281Y,   -5.83
L282A,   -2.82
L282C,   -5.94
L282E,   -12.0
L282D,   -15.5
L282G,   -10.7
L282F,   -5.78
L282I,   -1.73
L282H,   -10.1
L282K,   -11.3
L282M,   -3.37
L282N,   -12.0
L282Q,   -11.4
L282P,   -11.3
L282S,   -8.57
L282R,   -9.68
L282T,   -6.98
L282W,   -11.0
L282V,   -1.38
L282Y,   -10.1
I283A,   -1.69
I283C,   -6.96
I283E,   -7.49
I283D,   -9.75
I283G,   -6.36
I283F,   -3.88
I283H,    -9.5
I283K,   -10.8
I283M,   -4.05
I283L,   -2.05
I283N,   -10.3
I283Q,   -10.7
I283P,    -8.3
I283S,   -3.78
I283R,   -11.2
I283T,   -3.54
I283W,   -13.6
I283V,     0.6
I283Y,   -8.12
